# Âm tiết tiếng Việt hợp lệ ĐÃ CHỨNG THỰC trong corpus, kèm tần suất.
# Nguồn cột 2: syllable-freq.tsv
# 9352 / 18261 âm tiết sinh ra có xuất hiện thật.
# Âm tiết hợp lệ nhưng KHÔNG có ở đây là tín hiệu 'nghi vấn' cho L3/L4:
# đúng ngữ âm nhưng không ai dùng, nên rất có thể là lỗi gõ.
# 
# Cột 3 = tần suất đếm trên CHÍNH tập câu đã dựng compounds.tsv. Cần cột
# riêng này để tính được xác suất có điều kiện P(b|a) = freq(a b)/freq(a):
# hai con số phải cùng một mẫu, không thì tỉ số vô nghĩa. Đó là thứ phân
# biệt từ ghép CỐ ĐỊNH (`chia sẻ`) với kết hợp TỰ DO (`cát trắng`) — và
# chính là chỗ mà tần suất bigram thô không đủ.
# 
# tổng token trên tập câu: 13338970
# 
# âm_tiết	tần_suất_dump	tần_suất_tập_câu
là	3647639	185733
và	3515850	237781
của	3314562	218797
một	3090698	149311
được	2730645	144524
trong	2668544	137748
năm	2665542	89539
các	2075693	181309
có	2050140	139066
loài	1452572	7346
người	1345687	84542
này	1326158	59194
với	1294175	88208
đã	1260125	78979
ở	1183870	65755
vào	1174057	61462
tháng	1164110	30296
cho	1135939	76161
họ	1121631	21936
đầu	1054892	44564
thành	1048989	72752
tham	997882	13422
học	994516	43041
kết	958067	22586
liên	950477	29805
thích	925378	8223
chú	912417	5286
từ	907061	65602
ngày	853346	31034
số	849023	46472
tại	847919	49001
không	827358	68333
khảo	823816	5755
khi	800000	52116
công	794753	51415
đến	787730	47729
ngoài	785219	15802
quốc	781366	57601
những	770411	69366
sau	717719	42696
chính	689018	50347
sự	668226	53206
tiên	653446	20028
thể	653332	54569
ông	638473	40645
về	629209	47842
đó	621072	43943
ra	620997	47201
trên	618108	40346
nhà	610396	41511
bộ	608891	31695
để	603439	46396
nam	598782	47001
dân	589867	31571
gia	589391	35384
bị	579652	36118
tả	579414	5499
hoa	571682	17391
khoa	565735	7830
thực	553739	22512
trung	553000	38303
vật	551771	21577
quân	547919	35990
như	545443	50334
thuộc	537890	18703
anh	510859	20172
đại	507445	38047
động	501094	33210
nhất	486064	36938
theo	480717	35833
thời	479497	35242
xã	474970	16187
giải	458479	20169
lại	455799	32734
bản	455594	27747
hành	454302	25333
hiện	453210	32919
cũng	449489	36375
sử	445889	32968
nhân	445087	28525
làm	432082	30731
phát	430259	27960
hai	428616	28588
đổi	427759	13368
thế	427474	38873
hình	427327	27571
nước	425932	35716
chiến	420429	26635
đồng	406222	26874
việc	402056	30081
viên	396420	17823
nhiều	396170	37984
thứ	393011	19886
kỳ	392519	23833
do	386966	30547
hội	384818	28603
sinh	379167	22495
mô	377991	8545
quan	377373	33277
đội	376641	14720
con	373146	21460
cùng	372932	21531
định	371865	31232
độ	369434	25891
xuất	364418	21376
tỉnh	363756	13922
khác	363009	31574
nó	359712	20650
tập	358669	14487
chỉ	358305	29215
pháp	357264	29620
the	349832	8903
thị	347795	13784
tên	339144	19894
dụng	335023	27943
trước	332973	19044
vị	328958	20804
cách	322683	27372
trường	322121	22346
lý	318367	26929
hơn	317322	25382
cao	317303	22223
cuộc	317167	20612
chủ	317068	25608
phần	316386	23726
hợp	315230	24085
việt	308616	30817
tự	304137	24130
còn	302162	25519
lập	300599	24769
khu	298207	16526
giới	295486	22893
văn	295198	26596
điều	292009	19293
cơ	288714	23663
nhưng	287939	21622
tiếng	284453	21236
trở	282895	18151
thông	282813	19769
thống	282574	25931
chức	281929	18325
ban	280672	14089
bằng	280325	24648
trình	279370	22006
danh	276669	10827
nhận	276062	17455
diễn	275275	10996
điểm	275192	15782
tây	274802	18452
tin	274167	12230
tiếp	272470	17128
phim	270759	6512
thủ	268665	13694
cả	267146	20135
thường	266800	22676
giáo	266211	27756
bởi	265574	14986
loại	265344	19704
hoặc	264549	18766
phía	264167	15566
đấu	263606	8006
rằng	263398	19458
đông	261840	18382
phân	261503	19442
bắc	261145	17061
trận	260517	10232
phải	260369	22273
miêu	259768	1981
gồm	259274	16275
tế	257628	23829
lớn	257192	24822
qua	256120	18093
sản	253293	17369
đường	250649	19894
bình	250348	15111
ba	247105	14156
tính	246143	21856
tác	245528	17874
địa	244768	18711
vụ	243115	13073
đối	243099	21125
cầu	241325	14347
lượng	241273	23549
sẽ	239278	15387
tổng	237102	15798
a	234239	7577
vì	233451	18379
phố	233395	15520
sĩ	233327	11254
vùng	232841	15006
hệ	231037	23820
lần	230318	12191
quyền	230000	20319
huyện	229922	7480
hàng	229792	15614
cô	227718	5067
mà	224942	20738
chúng	224914	16177
lực	224364	18972
châu	224225	17039
tích	223746	12515
bao	222765	14303
trị	222444	18964
lên	221651	14830
đây	220949	15195
nghiệp	220502	11141
cấp	220321	14712
gọi	219744	20708
hoàng	219236	14108
thức	217985	17259
tạo	216313	18389
chi	213897	7129
nhiên	212453	16074
bắt	211738	14112
hóa	211593	21467
bóng	211352	6588
đoàn	209980	9259
nhạc	208315	10806
vương	207983	10763
đi	207761	14612
tổ	207569	14072
đức	204847	13593
kinh	202740	20462
mình	202705	11171
minh	202418	17443
đánh	201617	11920
thêm	201376	8872
cộng	201180	16074
hòa	201093	13612
ảnh	201055	11240
hiệu	200334	12510
toàn	198281	15356
đô	198004	7645
mới	197963	14835
vực	197666	13018
thái	197623	14514
truyền	197291	15976
phương	196168	18301
mặt	195824	17376
lịch	195520	14031
đạo	195397	16728
đá	195197	7693
sách	195018	10942
tư	194481	13830
nguyên	193910	20853
tranh	192435	15720
mỹ	191974	13448
đề	191580	13544
xem	190647	9004
sống	189686	11398
diện	188857	8422
tàu	186952	5678
máy	185852	13011
bảo	185101	12987
ý	184228	13707
tử	183883	17875
mùa	183441	7241
chuyển	181948	13171
nghĩa	181680	18138
khoảng	181458	13020
trí	181450	9197
cánh	180151	3253
tiểu	179899	7439
nữ	179800	6703
vai	178517	5361
năng	178365	15349
đặc	178036	13917
bay	176820	7261
cuối	175972	10335
hay	174655	18808
thuật	172755	13397
điện	170498	14468
trang	170322	8563
bố	169416	8029
dương	169267	10566
hoạt	168718	9798
thiết	168070	11942
câu	167180	7341
đơn	165689	9367
nhật	165099	8859
lan	164884	6808
gian	164737	13923
thi	164461	6293
an	163476	9975
dự	163324	7310
đất	162031	16776
giữa	161851	14352
vô	161640	7799
thắng	161317	6006
nội	161067	11132
trưởng	161027	7287
nhỏ	160843	13345
triển	160293	13965
biển	159677	8510
hậu	159366	8558
kế	158827	9329
hạng	158615	4331
bài	158543	9174
chương	157715	7321
chế	157668	12873
dịch	157568	12596
sân	157369	5312
tâm	157361	12985
lạc	157170	6502
phòng	156581	7512
dưới	156483	10522
phong	156174	11065
hải	156145	8099
bà	156127	7765
âm	155864	12118
thì	153681	17149
biệt	153637	13303
thấy	153087	10484
thanh	152997	9264
đêm	152991	1892
bang	152680	6092
báo	152497	9362
nên	152480	14362
viện	151939	9189
phủ	150927	13053
mục	150520	8467
tài	150449	9970
thay	150126	11128
nhiệm	148599	7404
đang	148359	8894
nhau	147921	13843
tới	146931	13599
sở	145753	9286
rất	145739	14167
vòng	145481	4746
tình	144929	10131
quận	144614	3372
biến	144461	12705
chơi	143812	3840
phẩm	143605	9881
tiêu	143507	10366
trọng	143128	13026
hà	143042	10797
nhóm	142919	9229
nơi	142828	10277
thu	142522	8470
nghệ	141978	9391
tương	141626	13556
cá	141599	6361
tiến	141048	11158
đảo	140177	9121
thân	139749	7899
chất	139503	15900
dài	138084	8296
giá	137443	10128
tuy	137198	11808
cổ	136275	12549
quả	136111	9119
giao	135841	10438
ghi	135443	6291
sáng	134105	9476
đình	133565	9432
tăng	132615	11460
kỷ	131892	12783
quyết	131559	8423
la	131517	6806
cứu	131492	10075
lưu	131380	9101
nay	131296	12602
ca	130881	6709
vũ	130624	9023
biết	130446	8595
nằm	130293	7942
vận	129993	7397
bên	129959	10445
nói	129892	10795
thương	129593	8880
dẫn	129265	10671
đời	128992	9367
de	128935	3281
biểu	127727	9742
in	127535	4538
cứng	127311	1666
bướm	125606	101
bọ	125523	153
vẫn	125296	11445
liệu	124749	10437
phi	124197	7375
đều	123931	10653
thần	123682	10507
gần	123649	9310
tướng	123202	8385
đặt	122869	8651
phục	122169	8542
đế	122126	9745
chung	121932	7582
tiền	121290	8451
địch	121227	3630
tuổi	121164	5484
phụ	119933	7830
dùng	119897	13693
thiên	119776	11911
nguyễn	119753	10955
ta	119498	10384
ứng	118816	11027
cung	118630	8243
tấn	118594	6247
nhập	118544	7484
nổi	118512	8867
hoàn	117768	8435
sát	117708	8197
hát	117562	4204
viết	117432	9986
tinh	117094	8836
bán	116609	7127
từng	116026	7045
chí	115997	8250
cảnh	115546	6013
thư	115474	7842
ấn	114899	6608
sông	114457	10220
trò	114180	5549
vua	113906	10017
hồ	113732	8337
tìm	113678	7338
vệ	113385	6077
bất	113260	9458
bàn	112879	5030
đảng	112466	7929
cử	112458	6339
màu	112114	7288
tục	112045	8050
đưa	111928	7656
di	111758	9420
mang	111485	8214
triệu	111329	6805
chiếc	110855	4017
kiến	110843	9523
quá	110530	9384
dù	109554	8356
bảng	109435	3379
giữ	109348	7486
ăn	108607	5794
sư	108145	9890
khí	108057	11082
ủy	108049	4058
triều	106666	8968
xếp	106104	4102
bỏ	105691	7815
rộng	105064	8566
hữu	104679	7107
quy	104483	8959
kim	104461	7035
thổ	102965	6286
dựng	102956	8443
giả	102945	7383
yếu	102665	9936
sơn	102297	8092
mở	102274	7112
ký	101955	7500
i	101630	3325
nguồn	101363	9033
án	101188	6130
quản	101149	5688
đóng	100652	6459
xây	99930	8137
binh	99598	6217
tất	99556	7299
huy	99536	4777
kể	99476	7286
lãnh	99398	9250
xác	99117	8674
đài	98908	4244
luật	98073	8625
cái	97985	7249
giống	97835	5168
tượng	97819	9849
trợ	97741	6603
sắc	97491	5804
nghị	97490	6338
trực	97247	5987
xe	97078	6751
giành	97002	4208
ngữ	96681	11344
nào	96037	8904
mã	95734	7823
kiện	95437	7104
hướng	95241	7636
đoạn	95117	7376
mạng	95058	7686
yêu	94393	5368
giám	93647	3862
hạn	93538	7769
mất	93525	5368
nghiên	93244	7730
lúc	92623	6817
mỗi	92491	7122
mạnh	92327	7867
miền	91733	8165
sang	91494	6579
phản	91170	8156
dạng	90909	8766
tra	90784	2781
hộ	90003	5859
tộc	89966	8281
tay	89928	5419
y	89790	5238
vi	89769	8016
tân	89625	4670
bệnh	89025	7197
nga	88484	5492
long	88480	6456
nhiệt	88009	6285
mặc	87971	6510
chống	87826	7097
ngoại	87680	6766
trấn	87550	2926
ty	87546	4380
làng	87286	3493
thủy	87254	6574
chứng	87216	6884
chân	87130	5245
cần	86937	8028
đạt	86284	5222
chọn	86039	4391
giờ	86009	5533
lệ	85965	5808
ngôi	85956	5859
biên	85934	6327
lễ	85744	6997
âu	85641	7847
độc	85552	8088
phiên	85491	4269
phép	85238	7537
thuyết	85227	10064
cây	84733	6095
chưa	84515	5459
chết	84151	5508
duy	84103	7120
giúp	83800	5734
hạ	83309	5854
trai	83273	3122
gây	82803	6820
hiệp	82707	5776
mắt	82260	2548
tuyến	82181	5208
cảm	81284	5024
vấn	81270	6565
phổ	81192	7293
tỷ	80918	4015
phạm	80885	5916
chia	80749	6463
khách	80612	4235
đồ	80487	7809
cập	80478	3798
lục	80461	5660
sao	80328	8684
đa	80064	7350
chuyên	79972	4097
khả	79910	6237
khai	79847	6562
chiếm	79674	6455
hồng	79124	5407
em	79017	3695
kích	79009	5062
lời	78666	5548
tuyên	78420	6025
quảng	78065	5067
nếu	77974	7538
khỏi	77963	5271
niên	77907	6098
tốt	77733	4277
nha	77333	4740
cố	76948	5304
trẻ	76804	4020
tuyển	76697	2617
thúc	76614	4303
trần	76581	6636
hầu	76248	6303
phá	76203	5633
tuần	76149	2622
lấy	76133	5668
hưởng	76129	7387
cư	76079	6420
du	75841	6009
dung	75476	4567
á	75247	4959
e	75239	1560
kỹ	74973	5166
so	74949	5497
trái	73418	6984
bầu	73287	4811
tòa	72981	3740
bại	72826	3988
núi	72652	6296
gặp	72447	3780
gốc	72442	5510
chuẩn	72346	5712
vàng	72113	4394
giáp	71963	3649
doanh	71939	3278
mẹ	71878	3334
gái	71872	2523
phó	71682	2438
áp	71674	5804
vậy	71560	6956
thưởng	71532	2085
môi	71021	3531
tôn	70818	7212
lợi	70720	6336
đào	70647	4290
dục	70309	5308
hết	70267	6165
hồi	70232	5851
hạt	70193	6128
lớp	70129	4802
thượng	70044	5109
khẩu	69957	3613
giai	69920	5535
cáo	69754	3697
ít	69190	6059
luyện	69132	2377
dòng	68558	5648
khiến	68500	4936
lệnh	68205	4969
nền	67946	7490
sức	67635	5003
u	67475	1247
kiểm	67376	5075
thất	67342	4828
tông	67234	6743
tiết	67087	4435
tịch	66910	3691
thuận	66780	4979
chữ	66686	8107
ngay	66570	4714
tối	66414	3763
giảm	66106	5475
riêng	66066	5699
xuống	65590	4267
thập	65191	5617
mật	65074	4187
hàn	64958	3240
ninh	64912	4116
luận	64618	6449
thảo	64522	2566
thiếu	64484	3918
môn	64227	4514
tưởng	64192	5789
bổ	64186	3517
nhĩ	63824	1285
cực	63555	5919
quang	63544	5660
lê	63473	6759
lâm	63326	3975
đốc	63171	3116
tôi	63013	4211
thánh	62797	5559
quay	62619	3401
đôi	62491	3864
mẫu	62132	3420
cha	62067	3149
cải	61845	4911
nghiệm	61845	4694
quần	61798	3375
mọi	61745	5780
cửa	61187	3926
đứng	61177	4482
to	60369	2429
linh	60290	3731
hán	60061	5442
xô	60054	5460
mức	59789	4871
huấn	59682	1668
dựa	59679	4847
bốn	59622	3289
trúc	58849	6729
dụ	58736	6296
phóng	58617	4468
lâu	58409	3801
chiều	58321	3585
chạy	58113	3727
cấu	57996	5786
đĩa	57937	2111
áo	57828	3461
cận	57766	3155
lộ	57742	3196
pháo	57550	2254
tức	57525	5127
bạn	57456	2681
tồn	57306	5338
thơ	57163	4524
rồi	57142	4194
chúa	57114	5209
thờ	57063	4479
phái	56495	4473
nhằm	56485	4926
chấp	56431	4359
phú	56409	3988
ngôn	56267	7292
ước	55899	4626
đáng	55581	4365
muốn	55486	4265
sóng	55190	4110
tố	55053	5630
tước	54985	1876
thấp	54672	4159
tốc	54194	4518
điển	54105	5326
nông	53671	4793
truyện	53462	2140
lửa	53364	3643
khởi	53180	3942
nhanh	53168	4276
hỗ	53108	3398
toán	52853	5767
xuân	52750	3459
coi	52676	4982
bí	52662	2695
trụ	52481	4334
khúc	52320	2288
xa	52163	3685
ai	51958	3889
cụ	51947	4526
giang	51874	3370
ấy	51822	3306
đủ	51625	4039
dành	51550	2924
lĩnh	51457	4511
lá	51201	3186
hôn	50974	2102
đới	50896	1423
phường	50855	2899
truy	50829	1763
trao	50594	3303
xứ	50253	2306
nữa	50070	3892
song	49913	4002
ví	49783	5467
hoạch	49614	3167
ngành	49572	4206
cũ	49471	3420
đăng	49382	2421
vây	49164	1384
lương	49057	3189
loạt	49035	2250
xuyên	48913	3471
quanh	48872	3866
đàn	48838	3687
lai	48816	3007
vài	48657	4262
chuyện	48529	2368
hương	48421	3211
trắng	48198	2664
chu	48138	3921
kéo	48061	3488
cạnh	47962	4434
niệm	47809	4897
rõ	47640	4255
quý	47519	3513
phận	47484	2772
tái	47385	3525
buộc	47348	3290
chuyến	47129	2011
nhìn	46806	3513
đỏ	46741	3441
kịch	46644	1849
ngắn	46530	2778
yên	46485	3571
vượt	46420	2747
giết	46356	2686
san	46322	1486
bắn	46233	2379
ma	46190	3819
chịu	46119	4138
chiếu	46105	3284
hy	45919	3769
mua	45913	2193
cứ	45843	3529
đen	45819	2844
rừng	45762	2210
súng	45527	2454
chứa	45476	4015
mạch	45390	3504
mối	45235	3344
đổ	45183	3323
nhánh	45155	1843
trời	44815	5700
sâu	44730	3163
nối	44569	4010
tạp	44547	2820
trùng	44482	2091
trạng	44481	4760
nhện	44470	65
bức	44372	3757
bờ	44306	2915
suất	44300	3359
hàm	44091	4258
on	43955	1075
xử	43870	3557
phúc	43835	3127
trả	43765	2904
thừa	43750	3965
thụy	43731	2396
nghi	43672	3303
phối	43572	2973
băng	43463	2632
dữ	43450	3718
cục	43427	1728
buổi	43378	1958
trương	43063	2882
tam	42869	4033
kê	42846	1930
mét	42731	997
hại	42230	2744
trì	42137	3694
xung	42059	3348
ương	41837	2421
vốn	41790	3108
tín	41776	4490
dấu	41698	3583
thử	41615	1563
hiến	41516	3695
tội	41453	3213
kính	41423	3456
ruồi	41373	89
thao	41354	2515
căn	41235	2825
lượt	41105	1452
nặng	41014	2723
lao	40953	3368
mại	40941	3773
sa	40924	4554
vĩnh	40916	2696
da	40837	2480
o	40643	1255
tống	40573	2129
cúp	40515	1224
tải	40483	2306
khó	40404	3268
hưng	40375	3144
rút	40302	2627
phí	40264	2255
góp	40055	2950
kiếm	40040	2296
thăng	40029	2071
gì	40021	3340
chim	39946	1576
xét	39859	3143
thuốc	39791	2955
rời	39578	2024
sơ	39559	2766
xảy	39530	3249
sứ	39503	3083
hãng	39486	1542
thiện	39479	3144
đầy	39475	2619
họa	39336	2771
đảm	39278	2550
xanh	39255	2431
bá	39179	2009
tầng	39093	3783
đậu	39043	1161
phật	38985	7555
vợ	38960	2011
ngọc	38825	2289
khắc	38719	3145
phù	38692	3058
kiểu	38575	3510
lược	38519	3102
trưng	38425	3701
tỏ	38278	1619
khóa	38191	1879
trách	38017	2462
đích	37975	2965
cuốn	37935	2870
mộ	37808	2257
đương	37705	3023
soát	37591	3192
quán	37474	2871
sai	37425	3530
khối	37266	4614
nhờ	37208	3164
bão	37166	1103
trục	37122	1878
siêu	36975	2617
phê	36880	2692
rêu	36819	56
lòng	36687	3021
tu	36384	3455
ngầm	36342	1177
đạn	36325	1972
sáu	36284	1852
mềm	36280	2435
thiệu	36219	2014
úc	36056	1651
thoại	35892	2484
thí	35828	1821
liệt	35791	2394
suốt	35701	2627
kẻ	35663	2177
suy	35580	3488
chủng	35564	2470
đua	35555	1553
nuôi	35550	1768
ánh	35499	4263
no	35394	481
phút	35150	1088
ngựa	35082	1160
ngân	35032	2363
càng	34940	3674
vọng	34926	2502
ô	34861	2350
giác	34704	3850
luôn	34686	3079
tầm	34590	2233
đọc	34590	2667
khánh	34536	2017
cựu	34492	1554
hạm	34466	735
lạp	34400	3319
thua	34372	1148
ly	34263	2327
ủng	34257	3160
đột	34226	2692
hùng	34215	2297
dễ	34116	3098
võ	34025	2721
nạn	33882	2263
dần	33788	3549
trừ	33689	2699
thật	33637	2435
cai	33565	2924
tháp	33394	2779
bào	33383	5332
vinh	33358	1884
sắp	33203	1677
hủy	33201	1998
kênh	33140	1443
ngô	33071	3368
màn	32982	1177
đai	32817	1361
bước	32811	2904
ga	32810	998
cường	32685	2599
đẩy	32633	2571
chẳng	32153	3482
cúc	32142	198
chỉnh	32091	2212
thạch	32025	2219
trải	31746	2113
cậu	31686	1105
vừa	31535	2506
thịt	31313	1635
sửa	31257	2017
cờ	31125	2746
nâng	31071	1835
bày	31061	2130
cầm	31053	2500
nổ	31053	2523
hỏi	30970	2690
tần	30286	2353
nửa	30225	2007
tàng	30171	1667
kháng	30164	3196
đỉnh	30141	2533
bác	30105	2088
sung	29980	1673
thôn	29738	1671
đẹp	29671	1856
na	29662	1582
hiểu	29630	3069
loạn	29560	2448
tứ	29513	1761
ngược	29374	2663
lính	29318	1777
thụ	29254	2482
tiện	29230	2600
bạc	29204	1986
khá	29181	2539
mực	29138	1091
ngăn	29036	2152
cắt	28989	2311
sắt	28983	2362
by	28797	767
xương	28674	2074
ngũ	28621	2244
mạc	28503	2652
vân	28489	2070
diệt	28451	2585
thăm	28375	1802
tá	28302	1172
dầu	28229	2954
bồ	28220	2801
bánh	28219	2125
đền	28183	2496
trào	28128	3226
mười	28073	1808
thẩm	28037	1599
nhiễm	27966	2518
cảng	27956	2028
giản	27944	2537
trích	27938	1824
hiểm	27898	2329
tách	27749	2536
chóng	27741	2300
khoản	27646	1660
thú	27618	1462
phiếu	27556	1456
loan	27552	1251
gửi	27548	2069
xúc	27496	1965
cát	27362	2280
tai	27354	1388
bãi	27299	1864
vườn	27185	1484
chồng	27124	1546
nghe	27089	1980
tặng	27066	1252
xin	27046	2116
sớm	26965	2237
mai	26950	1574
nguy	26934	2120
mưu	26929	1620
tô	26879	2025
chùa	26859	3437
nghiêm	26757	2053
chỗ	26651	2091
xâm	26588	2610
tắc	26496	2619
tường	26433	1905
xỉ	26417	668
thọ	26412	1660
tán	26376	2108
tuyệt	26367	2031
đà	26333	3146
hè	26326	1276
bảy	26304	1558
khắp	26107	2433
vĩ	26079	1826
bạch	26072	1961
quỹ	25955	2336
dây	25952	2439
bậc	25884	2699
liền	25786	2360
lông	25608	835
bối	25510	1061
thác	25420	2257
gắn	25413	2250
tù	25253	1798
thẳng	25246	2115
máu	25217	2694
bom	25200	1223
thoát	25195	1805
đúng	25120	2419
cỏ	25113	1149
uy	25050	1597
tùy	24985	2025
sáp	24910	1558
hơi	24879	1810
phán	24821	2104
trại	24634	1300
món	24576	1329
bật	24428	1622
tạm	24367	1293
le	24355	651
viễn	24300	1722
tắt	24274	1832
vành	24197	867
đan	24155	1513
cấm	24148	2009
nhớ	24129	1832
dạy	24099	2203
đệ	24034	1932
chảy	24010	2416
dọc	23958	1764
khán	23858	784
đem	23840	2465
mi	23774	368
ưu	23747	2018
phạt	23722	1535
vịnh	23557	1534
van	23540	572
bụng	23500	416
quê	23469	1520
luân	23466	1821
giấy	23438	2289
trữ	23393	1917
chó	23327	732
khiển	23321	1489
rơi	23307	1429
thước	23283	1870
hút	23281	1764
côn	23253	870
ống	23225	1378
đẳng	23129	1802
mời	23075	1080
nghỉ	23046	1259
sẵn	23024	1537
xạ	23022	3012
đáp	23015	1758
thuyền	22935	1983
hỏa	22916	1697
thù	22916	1500
quyển	22884	2457
họp	22809	1705
lựa	22730	1386
hài	22726	1125
ẩm	22700	1372
lưới	22660	1471
nghề	22656	1953
đe	22627	984
lang	22549	1153
cặp	22516	1163
lộc	22420	1081
tránh	22408	1733
en	22275	337
nắm	22250	2055
nỗ	22212	1677
khủng	22170	1831
gắng	22160	1318
mông	22154	1638
ha	22138	648
lẫn	22120	2067
ốc	22065	536
bò	22035	899
trịnh	21988	1591
dọa	21987	886
điền	21985	1148
tan	21959	1990
lăng	21897	1500
tỉ	21791	1660
săn	21692	1041
chặn	21666	1357
ích	21630	1863
cương	21617	1857
tò	21484	67
phước	21399	1063
lối	21369	1566
tĩnh	21337	1515
đoán	21312	2086
đo	21292	2771
vò	21220	92
dưỡng	21192	1387
ả	21184	2275
thỏa	21100	1463
rập	21082	2267
soạn	21071	1606
bé	21045	1033
tám	21036	1273
gió	21020	2087
khăn	20974	1616
nhẹ	20938	1308
chấm	20894	1601
tờ	20832	1449
hôm	20805	930
thậm	20746	1713
cam	20504	1396
xu	20455	1526
pha	20409	1783
sóc	20404	1078
đuôi	20397	591
gà	20368	593
chị	20363	702
ẩn	20327	1270
ngang	20320	1698
hoá	20314	3452
miễn	20291	1616
mưa	20289	1755
góc	20250	1947
phức	20219	2109
tri	20182	1799
rắn	20131	1135
ngờ	20122	1125
cân	20104	1575
hấp	20102	2701
đuổi	20094	1155
vong	20085	1378
mũi	20077	1304
huyền	20059	1528
ràng	20055	1846
huân	19981	655
phu	19893	1046
chối	19832	1217
lôi	19799	677
ổn	19753	2131
giảng	19687	1701
dậy	19680	1472
hổ	19580	1255
gỗ	19573	1912
cà	19527	1564
can	19510	1657
lo	19506	1349
hiếu	19465	727
thiệt	19456	1192
hòn	19454	1234
lưng	19405	565
tảng	19388	1412
tàn	19324	1747
đỗ	19275	1340
dãy	19273	1948
rượu	19267	1638
trú	19252	1455
dị	19240	1354
lẽ	19239	1981
lỗi	19174	1542
bề	19122	2174
lỗ	19083	1806
giọng	19053	720
biện	19034	1732
ném	19009	871
phan	18942	1688
khỏe	18913	1325
chữa	18911	1151
ngụy	18861	1020
cốt	18842	1061
khô	18782	1367
chấn	18773	860
mệnh	18748	1446
cú	18702	807
cơn	18691	910
trồng	18658	1924
vạn	18652	1870
tròn	18604	1604
khái	18531	2359
chiêu	18526	1124
von	18500	580
kì	18480	1456
com	18455	400
vỏ	18454	1366
triết	18412	2071
sợ	18410	1099
chuỗi	18384	1797
nghĩ	18335	1355
mẽ	18308	1420
chìm	18306	488
chép	18281	1992
hoang	18281	1162
chinh	18259	1613
đau	18157	1100
đỡ	18125	1214
hư	18113	836
cụm	18105	1058
trống	18034	1154
nhu	18024	1493
điệu	18007	1143
lui	17952	968
chăm	17946	1832
tim	17943	1380
tia	17913	1324
tấm	17905	1225
tận	17895	1636
vẽ	17888	1651
rãi	17826	1677
uống	17790	1448
sài	17754	1826
đoạt	17743	958
thuế	17709	1734
dư	17707	1333
trinh	17678	824
phỏng	17662	999
vuông	17634	1052
tọa	17607	1007
cháu	17596	1072
bạo	17573	1380
lào	17570	1651
chợ	17427	1470
mỏ	17397	1497
phe	17274	1445
hung	17273	614
đồn	17262	1257
trà	17162	1507
kém	17137	1441
trăm	17128	1705
trốn	17118	846
buôn	17036	1538
nhảy	17019	719
khấu	17013	712
trứng	17011	748
may	16988	911
tụ	16978	1871
lam	16968	1258
nóng	16941	1801
nguyện	16869	1291
đám	16854	1292
lạnh	16819	1527
thịnh	16708	1575
tựa	16690	639
đinh	16613	1626
mong	16603	1101
ranh	16532	972
khổ	16522	1445
kiêm	16501	626
gòn	16435	1727
cột	16430	1369
chín	16427	986
ngừng	16380	972
ngư	16342	499
bột	16261	911
vẻ	16250	1075
chắc	16234	1284
dàn	16231	660
đón	16218	943
cẩm	16172	656
hiển	15998	1302
trạm	15903	953
khuôn	15871	1008
nhị	15871	1295
mãn	15854	1220
mái	15849	837
xưa	15846	1779
lồng	15831	351
man	15794	672
hô	15787	709
thai	15745	1305
tào	15707	1060
trăng	15697	1599
hoan	15691	925
co	15665	1052
thảm	15661	1086
khám	15607	1533
vỡ	15578	1031
đứa	15553	682
chạm	15508	1193
hoài	15503	884
rối	15477	1062
dõi	15464	855
tháo	15432	693
kèm	15430	1020
nâu	15425	484
dứt	15387	1344
lái	15383	817
đợt	15345	843
dặm	15337	463
dừng	15320	731
cháy	15297	1328
ngọt	15273	676
giàu	15245	1416
ám	15232	1103
nhắc	15198	1281
cán	15179	748
séc	15154	505
khổng	15139	1632
dày	15132	1134
tùng	15098	644
lữ	15092	628
thiểu	15070	1379
đàm	15067	1358
sót	15021	853
hứng	14991	897
tệ	14991	1248
lọt	14941	431
thiến	14937	64
hạnh	14918	976
chánh	14886	840
sẻ	14862	907
thuần	14849	1172
cừu	14847	215
cãi	14796	1221
cự	14779	796
dinh	14765	1225
hiếm	14740	1186
cất	14664	910
đốt	14655	1492
tuấn	14614	620
mắc	14612	886
vợt	14586	199
đôn	14579	1327
ác	14566	966
liêu	14502	1205
bỉ	14480	673
bến	14353	1078
tổn	14325	1187
ngồi	14324	944
thải	14307	913
huệ	14290	1226
dũng	14264	690
chụp	14220	736
voi	14181	865
me	14125	392
gai	14117	369
kia	14109	1467
chặt	14085	1246
khẳng	14020	1281
canh	14011	1081
ân	13992	875
lỵ	13903	713
chắn	13898	862
vở	13898	705
thuê	13885	687
thạnh	13872	425
mộc	13818	1297
duyệt	13806	1224
thang	13761	1140
kiên	13737	1082
ái	13733	1031
khơi	13730	398
bia	13719	1076
đực	13700	449
cỡ	13694	827
xưng	13678	1351
mượn	13657	534
cướp	13645	965
tú	13632	638
ung	13605	1048
kỉ	13586	1301
thẻ	13541	592
vui	13538	842
tuyết	13537	953
dàng	13535	1206
giam	13532	928
thầy	13509	1228
chuồn	13506	24
nhượng	13458	795
bách	13450	1062
chở	13440	850
đòi	13435	1350
khuyến	13433	1135
thách	13360	571
dao	13348	1281
ngọn	13336	963
chuột	13307	405
dã	13289	753
bát	13285	1493
hỗn	13258	1191
kho	13244	840
ấu	13222	295
khung	13219	910
mê	13211	1133
túc	13207	829
my	13199	310
sàng	13169	884
dược	13144	948
kêu	13141	1071
kỵ	13127	561
hi	13080	781
sánh	13074	1153
hào	13071	1218
đồi	13038	1021
huế	12993	1429
hoà	12975	1868
lũng	12965	914
non	12961	915
trúng	12919	437
ghế	12913	699
lân	12865	868
xưởng	12862	428
điệp	12795	839
thả	12784	652
thiền	12773	3144
khôi	12759	947
khang	12718	459
thám	12683	1081
hằng	12618	1321
huyết	12611	1105
nghèo	12603	1314
chậm	12590	1057
hộp	12568	677
hắn	12566	234
che	12564	963
than	12538	1062
cản	12522	980
nhì	12478	567
mảnh	12465	857
tạng	12442	1681
thép	12434	849
vú	12413	475
cửu	12405	1053
tiêm	12375	578
tuân	12355	1124
răng	12264	888
men	12188	1567
nhi	12187	734
sữa	12162	756
hâm	12118	515
nòng	12114	564
úy	12099	481
mạn	12060	580
hoảng	12059	1015
lãng	12056	706
ngại	12009	990
ngự	12003	790
lợn	11972	541
nô	11932	1423
quen	11881	858
khen	11850	410
tóc	11843	543
vết	11840	899
ngợi	11815	590
vững	11788	1088
hồn	11787	917
hang	11783	895
mèo	11749	656
cổng	11740	835
nhấn	11729	1100
đặng	11678	954
xích	11659	1197
lắp	11644	677
miệng	11617	777
su	11560	738
ấp	11545	622
nho	11532	1336
già	11518	1043
lão	11497	1010
mơ	11478	514
niềm	11476	926
bèn	11466	730
gián	11462	942
trầm	11403	1345
sưu	11400	606
chứ	11377	1286
duệ	11362	626
nhuận	11360	830
thung	11358	781
đầm	11346	451
lẻ	11343	775
bùi	11325	880
khích	11324	1019
tề	11234	507
viêm	11220	1109
tung	11208	653
xá	11173	1051
lành	11146	1032
kiều	11075	889
xoay	11066	644
nẵng	11006	934
gấp	10998	902
bấy	10976	1152
hứa	10971	546
não	10965	1092
lô	10955	641
bè	10923	592
tiềm	10919	805
lọc	10911	863
mồi	10885	594
nhiếp	10882	505
muối	10869	1191
vang	10832	726
chư	10819	892
bút	10797	784
sụp	10793	1240
duyên	10713	1039
nạp	10706	903
ki	10685	234
tang	10685	638
lưỡng	10679	907
ngàn	10674	1149
lãm	10672	516
đập	10639	641
hẹp	10627	922
dải	10615	744
thục	10595	722
lồ	10584	896
hầm	10573	555
vé	10571	302
phụng	10560	687
lạ	10559	690
nguyệt	10542	514
màng	10538	1133
sạch	10529	658
giáng	10506	664
ngã	10465	931
giây	10434	594
ven	10433	996
thận	10420	734
kiệt	10413	1027
xấu	10410	786
dong	10402	179
sợi	10387	982
nét	10323	1069
ngực	10297	662
thôi	10291	660
thợ	10269	697
leo	10258	598
dường	10249	711
mát	10233	722
nghìn	10216	1098
nương	10210	414
lỏng	10203	1178
đèn	10188	771
ép	10187	814
chăn	10175	563
ức	10158	470
cưới	10102	671
hiền	10098	652
hưu	10069	443
quế	10064	432
dáng	10047	618
đẻ	10018	529
xám	10006	347
khuẩn	10004	1825
thoái	9998	745
ngủ	9986	535
thiệp	9956	940
bụi	9941	634
chờ	9935	559
mãi	9930	749
mây	9915	1267
phẫu	9896	692
rau	9865	619
ảo	9826	629
lật	9821	900
nhãn	9783	590
lò	9776	918
dắt	9753	482
li	9712	389
ôn	9690	710
huỳnh	9688	867
mì	9648	411
bọc	9645	687
rồng	9594	845
bốc	9576	417
nàng	9566	712
bùng	9541	817
dâm	9533	1090
chàng	9521	536
đáy	9521	609
ghép	9498	633
căng	9443	779
đậm	9435	596
bọn	9428	549
nỗi	9422	643
làn	9414	690
suối	9410	539
gỡ	9378	467
mọc	9357	579
cống	9355	754
sạn	9323	399
treo	9302	673
mươi	9293	668
nhạt	9275	382
quái	9264	372
trông	9259	661
bồi	9249	658
ruột	9242	705
nai	9182	470
bội	9174	728
nhịp	9162	563
don	9151	242
cốc	9149	640
trộn	9142	909
khoáng	9131	972
am	9100	441
dịp	9072	752
cáp	9069	455
bê	9058	398
bông	9025	531
điêu	9024	728
va	8993	708
mao	8955	688
hề	8949	745
đợi	8949	571
bi	8941	601
bơi	8940	329
gói	8936	852
chút	8922	606
kín	8919	707
bền	8853	823
út	8821	667
dâng	8807	773
eo	8797	632
khứ	8791	655
ngài	8780	959
nhậm	8767	486
nấu	8757	611
go	8749	144
giận	8703	511
quát	8691	1195
phế	8672	637
ni	8669	633
củng	8656	745
diên	8639	351
quỳnh	8627	335
ngưỡng	8625	1098
phẳng	8609	1139
ngập	8584	601
lặp	8580	787
nút	8561	535
sút	8557	430
chôn	8547	546
mừng	8539	553
sổ	8514	637
tạ	8457	386
đắc	8442	752
nợ	8429	521
rạp	8429	306
chào	8418	455
hãn	8413	798
sàn	8406	402
lúa	8401	998
buồn	8389	468
dò	8336	692
gợi	8299	582
lệch	8278	823
khuyên	8272	615
ấm	8253	668
chặng	8234	252
chuyền	8228	281
tươi	8228	445
ray	8216	302
dỡ	8200	226
khuyết	8168	408
nêu	8157	817
rã	8129	955
hảo	8128	686
trượt	8125	448
tuệ	8119	690
khải	8115	739
khê	8086	648
nấm	8070	365
bữa	8049	396
miếu	8041	658
mun	8041	112
quỷ	8021	400
kịp	7997	549
trạch	7989	662
ngộ	7979	1198
xứng	7949	839
mùi	7945	683
lặn	7938	230
xóa	7934	600
đáo	7920	654
ưa	7902	787
hạc	7891	172
hãy	7887	565
hoãn	7882	344
đúc	7876	721
lư	7868	538
ri	7868	146
tật	7860	615
thuẫn	7854	851
lầm	7847	730
khẩn	7843	520
bàng	7836	350
lũ	7828	417
tre	7798	547
vịt	7788	172
trân	7784	339
mốc	7777	449
gạo	7753	876
nhầm	7719	542
sùng	7706	542
chốt	7692	640
tóm	7684	453
trừng	7682	731
nhơn	7655	538
mấy	7653	688
nề	7642	590
xi	7631	433
xong	7626	635
lừa	7619	339
túi	7591	351
phấn	7582	478
be	7575	187
phượng	7574	450
hẹn	7565	345
cong	7555	712
gương	7555	525
tốn	7531	656
mạo	7504	424
đốm	7503	339
đâu	7498	685
thạc	7457	183
tom	7444	168
nhựa	7436	583
chuông	7418	315
đạp	7416	611
lõi	7408	651
diệp	7402	209
đựng	7390	577
hỏng	7385	418
hối	7363	490
ván	7350	411
ro	7342	338
mảng	7340	730
dời	7328	619
sam	7325	242
chẽ	7313	713
dạ	7313	534
day	7312	197
huống	7308	446
xóm	7289	332
bù	7278	529
mìn	7275	308
quách	7273	281
lằn	7243	66
thùy	7215	201
lắng	7205	491
pa	7187	645
ong	7186	291
múa	7182	418
khía	7171	655
cối	7165	465
ếch	7145	64
nhắm	7136	335
quỳ	7136	234
tha	7131	506
vu	7123	420
tráng	7118	466
măng	7108	259
móng	7107	605
sườn	7104	433
gọn	7103	602
mâu	7102	765
bái	7087	613
đằng	7082	494
đoan	7081	499
phùng	7075	410
đòn	7069	344
quét	7063	446
xướng	7056	588
cạn	7030	447
cuồng	7020	158
khiêu	7017	233
mậu	6999	692
thằn	6988	56
táng	6982	491
tỏa	6974	519
ngai	6972	273
giỏi	6971	538
bưu	6963	407
bích	6949	431
bây	6948	540
kĩ	6939	564
túy	6937	619
nở	6934	691
lũy	6926	603
say	6905	327
tràng	6895	491
sốt	6893	378
diệu	6856	907
lạm	6856	878
thâm	6850	575
càn	6821	272
ngẫu	6818	768
rào	6815	410
ổ	6755	806
lí	6743	543
tiệc	6740	409
phun	6729	579
cói	6723	59
si	6716	483
soái	6688	329
phiến	6685	409
thỉnh	6677	677
ti	6660	416
mũ	6659	409
mẫn	6653	418
khan	6650	278
sải	6622	25
thô	6615	567
vượng	6612	722
sừng	6595	343
nộp	6593	458
đói	6590	728
tím	6583	398
vải	6547	625
mù	6536	534
liễu	6530	429
nồng	6520	749
dẹp	6516	530
thỏ	6508	108
đứt	6493	496
mỏng	6472	523
trâu	6465	417
nghịch	6460	800
mộng	6454	333
tết	6418	875
yến	6409	250
sói	6406	129
tràn	6403	566
lưỡi	6387	495
dốc	6373	467
gấu	6373	435
cóc	6369	188
hoằng	6368	377
ho	6366	199
chiêm	6348	938
bó	6347	445
dính	6346	492
vạch	6333	747
gan	6324	348
rạn	6292	189
cẩn	6291	452
tản	6290	489
mòn	6282	599
bệ	6265	322
trật	6262	592
dội	6259	413
béo	6245	550
giấu	6220	372
ngãi	6192	509
min	6191	35
vắng	6191	370
táo	6190	328
ruộng	6177	863
chúc	6157	400
đeo	6148	361
sọc	6146	140
lạt	6144	680
khỉ	6138	201
gò	6133	481
tấu	6104	439
cậy	6080	566
chiết	6062	406
súc	6051	495
ngạc	6036	450
vay	6032	401
vời	6015	287
chèo	6011	423
tơ	5996	614
liều	5993	331
muộn	5991	416
khớp	5984	310
vẹn	5983	564
mồ	5965	288
ngón	5964	721
phổi	5962	536
hong	5949	110
uỷ	5932	780
nhan	5922	283
chục	5918	621
ham	5916	260
cài	5915	544
chẩn	5913	505
tịnh	5905	829
ơn	5888	381
kép	5878	543
tựu	5875	572
bính	5873	475
đâm	5854	309
mờ	5849	509
mau	5847	393
mỡ	5841	481
mầm	5829	563
giật	5809	293
tị	5804	485
bin	5783	636
mường	5766	432
rửa	5763	439
tảo	5763	274
châm	5750	618
xiêm	5750	531
giấc	5741	223
khoán	5738	308
khanh	5728	286
hoại	5724	592
hẳn	5714	652
dê	5709	145
xê	5708	540
khói	5703	426
bìa	5696	159
sun	5662	254
nhọn	5659	264
ngạn	5654	364
khương	5649	292
cúng	5646	781
gu	5643	95
sen	5636	516
chua	5634	374
ru	5629	116
hoành	5626	338
đệm	5620	385
hãm	5580	399
nghiêng	5579	467
móc	5567	391
cười	5557	340
mắn	5545	253
khe	5528	484
nhã	5526	480
im	5511	211
khoác	5510	131
quyến	5491	266
trọn	5485	421
nướng	5476	222
củ	5473	371
thự	5471	303
rủi	5458	299
khiết	5453	682
khoan	5453	533
thở	5453	409
nhạy	5430	411
gạch	5414	533
rạch	5410	624
nốt	5406	443
heo	5404	194
tê	5404	589
rác	5390	390
dâu	5372	475
dơi	5355	71
quên	5340	371
gốm	5339	759
xà	5332	308
tiễn	5326	499
dĩ	5321	497
khoang	5320	279
thơm	5312	520
đính	5302	338
quãng	5300	435
uyên	5287	384
lạng	5286	495
triệt	5281	456
đãi	5280	428
bo	5277	360
tiệp	5258	369
rẽ	5255	517
rễ	5253	387
ngòi	5241	286
vươn	5225	301
xoáy	5223	316
phiêu	5222	191
coa	5193	43
son	5187	243
miện	5186	187
thiếp	5186	282
ngột	5174	445
tụng	5164	617
cưỡng	5154	370
miên	5153	334
thùng	5137	340
ngừa	5135	422
nảy	5135	440
nhai	5134	211
kiệm	5133	322
nhũng	5131	610
kem	5130	127
cuộn	5123	344
lây	5123	538
ben	5121	125
hố	5116	390
lã	5111	356
lùi	5109	389
giày	5102	229
tắm	5091	282
doãn	5090	278
rô	5090	115
lụt	5086	300
sét	5085	426
lườn	5066	5
bếp	5053	220
liêm	5052	343
ngục	5046	377
khiêm	5044	588
chày	5042	178
bám	5033	328
trôi	5026	386
bớt	5015	521
lầy	5014	270
tể	5004	295
tà	5001	335
miến	4993	388
khâm	4981	456
au	4969	192
quyên	4961	234
ngụ	4959	398
đắp	4959	451
lặng	4953	342
buồng	4950	344
tôm	4949	451
trộm	4929	288
mặn	4924	435
rùa	4920	185
xen	4903	401
chừng	4896	429
sương	4884	473
nén	4869	598
são	4866	112
bành	4842	378
nhẫn	4842	319
khâu	4841	267
hôi	4832	130
nhiễu	4832	447
pin	4824	388
trắc	4809	356
sâm	4803	173
ướt	4798	241
đấy	4797	496
thúy	4796	174
đắm	4796	222
chen	4772	78
trùm	4768	291
cơm	4746	377
xoắn	4727	541
lường	4725	549
thới	4710	181
buýt	4706	361
đam	4697	210
sôi	4670	459
giãn	4660	537
hắc	4653	264
vòm	4653	293
hoạn	4648	459
ao	4643	252
neo	4639	129
miếng	4637	297
đèo	4631	503
vũng	4626	430
lấp	4605	386
ngắm	4601	298
viếng	4601	387
chém	4600	293
chướng	4586	157
cuống	4582	103
kí	4578	189
tẩy	4565	353
luồng	4561	447
cành	4559	310
chùm	4550	316
trội	4546	303
khát	4535	312
quà	4503	238
chéo	4490	361
han	4489	74
ngưng	4484	488
toà	4482	541
đổng	4480	232
lựu	4479	275
rải	4475	375
lộn	4474	281
gãy	4467	368
hạch	4466	463
khoai	4465	201
hãi	4444	223
rổ	4440	292
giặc	4437	451
sắm	4435	236
cua	4434	129
tát	4431	783
khử	4420	492
sỹ	4402	336
lùn	4389	367
xít	4386	497
rẻ	4381	372
dệt	4377	483
hái	4373	307
bộc	4365	279
nắng	4365	345
viền	4364	132
thổi	4361	473
bổng	4360	250
nhược	4340	320
gặm	4338	56
se	4331	118
phả	4330	385
thầu	4326	284
ngà	4317	278
dám	4313	382
tuyền	4313	200
cưỡi	4296	200
un	4295	103
cồn	4283	495
mu	4276	104
khuất	4254	330
he	4250	117
chay	4246	383
gối	4241	174
thoảng	4234	428
lội	4233	158
cắm	4230	347
cắp	4207	223
thiêng	4206	383
quạt	4204	344
láng	4198	475
bắp	4182	145
khóc	4181	225
ngon	4177	230
ia	4173	99
thắt	4170	338
ky	4157	149
chổi	4144	439
nhường	4143	359
ghét	4131	309
chiên	4130	178
phím	4121	318
sẫm	4121	165
bạt	4111	200
chan	4111	123
gay	4110	238
đày	4108	319
nhiêu	4106	383
síp	4089	259
mập	4084	181
vách	4081	315
vôi	4072	391
quật	4059	377
hoán	4045	356
vảy	4033	110
xấp	3993	524
bể	3987	298
gũi	3984	363
gác	3983	295
thê	3982	216
rìa	3975	238
hươu	3969	166
đống	3968	270
diệm	3961	866
nát	3953	286
sủng	3952	169
nhung	3948	242
đun	3931	335
ớt	3931	195
đê	3913	351
re	3905	107
kiềm	3897	480
chì	3890	448
gánh	3886	338
hụt	3885	347
lấn	3885	347
lứa	3880	172
truất	3879	248
rỗng	3874	324
lùng	3873	173
hiếp	3865	242
hận	3844	250
huynh	3829	169
lãi	3819	215
khép	3813	226
chòm	3810	454
soo	3788	25
lụa	3787	544
bì	3776	238
cù	3772	272
hò	3772	141
khiếu	3757	203
trướng	3757	383
bùn	3754	239
chai	3754	157
mác	3753	197
phác	3746	277
tiếc	3732	297
bầy	3724	157
đụng	3722	208
đàng	3715	496
nhấm	3709	34
đắt	3708	320
gân	3706	136
tum	3700	213
trác	3697	250
trù	3690	391
kề	3681	411
nang	3675	211
thấu	3667	494
trán	3662	154
sảnh	3658	165
vắc	3648	388
mến	3645	211
xinh	3643	130
dan	3637	92
nhắn	3634	130
điên	3632	188
thói	3614	268
bóc	3603	332
pho	3592	228
tồi	3585	256
mãnh	3584	268
choi	3583	49
oanh	3583	208
dại	3582	194
dai	3580	201
à	3579	108
cắn	3559	151
khinh	3542	229
thính	3538	242
lu	3537	155
dừa	3535	522
đao	3531	189
gioan	3528	309
roi	3525	165
khôn	3486	242
nghiện	3484	296
thiêu	3484	305
rung	3480	257
chưởng	3474	176
dập	3474	300
lát	3469	242
hước	3467	141
dối	3465	197
bẫy	3454	103
sê	3440	61
đếm	3436	285
lỡ	3431	86
xả	3429	228
sấu	3428	457
đừng	3425	217
nghiệt	3405	248
nắp	3392	154
tòng	3388	166
khuynh	3376	488
kình	3371	167
ten	3370	148
nếp	3367	369
rắc	3364	200
báu	3358	268
ngặt	3351	245
nham	3347	276
run	3343	94
trưa	3332	190
chang	3328	75
chuộng	3325	360
lắm	3324	296
lanh	3312	201
bồn	3308	236
ráy	3307	3
po	3298	219
khuếch	3294	300
gõ	3290	264
lặc	3282	267
thủng	3279	173
nậm	3275	92
yết	3274	248
gán	3271	357
rệt	3254	402
rãnh	3252	253
đạc	3245	337
giường	3241	220
pan	3240	67
phơi	3239	281
sọ	3239	208
thưa	3225	302
mĩ	3213	190
thấm	3208	303
diêm	3201	267
trơn	3201	237
ngu	3199	269
niêm	3191	233
ngơi	3176	163
nón	3174	234
nhôm	3172	549
vội	3167	206
lót	3163	209
khuê	3161	211
tiệm	3161	170
dọn	3158	189
nhẵn	3154	67
uốn	3143	267
sanh	3137	319
nhục	3136	290
bơm	3133	272
ken	3120	63
rực	3117	289
seo	3113	32
mào	3101	91
tặc	3099	139
xăng	3096	361
rậm	3093	169
nung	3090	456
hạo	3089	114
chọc	3086	280
thề	3084	254
đúp	3084	90
ngạch	3076	200
bế	3075	212
xông	3072	150
sốc	3064	206
chuối	3050	167
tệp	3050	458
ngâm	3033	278
doi	3030	35
kiếp	3029	343
liu	3026	67
lánh	3026	252
mép	3026	94
giếng	3024	252
gả	3018	214
ráp	3015	251
xôi	3013	230
nan	3012	350
thoải	3011	211
đành	3006	209
hao	3001	307
cõi	2998	512
giêng	2995	305
kiêu	2994	167
ron	2987	238
cấy	2983	252
phì	2981	406
uyển	2971	201
nhũ	2958	224
nồi	2957	132
giềng	2954	402
nại	2953	164
thuở	2950	254
khoảnh	2948	105
sáo	2948	338
nôm	2947	598
kẽ	2943	234
rèn	2942	233
gìn	2940	412
rể	2940	203
rụng	2938	182
mỏi	2931	186
ve	2923	75
lăn	2916	180
diêu	2910	96
chênh	2907	308
luyến	2902	197
cò	2901	111
trễ	2895	181
te	2894	89
má	2892	98
ry	2887	47
diễu	2886	196
nà	2884	88
rỡ	2881	277
cỗ	2880	209
nhốt	2878	95
dịu	2877	198
ưng	2877	247
den	2873	83
họng	2870	113
cẩu	2868	173
gừng	2868	70
mệt	2862	184
khoá	2852	266
khố	2845	180
mổ	2840	231
gắt	2837	244
khéo	2831	245
loa	2828	302
manh	2828	167
chanh	2810	179
vớt	2809	66
râu	2808	109
bong	2805	119
đạm	2805	258
ghé	2797	140
kha	2797	301
côi	2796	143
ren	2796	96
kẹt	2788	138
gun	2787	62
hoạ	2781	307
khao	2779	126
cày	2774	214
tạc	2774	303
kị	2771	192
phồn	2767	276
xí	2766	287
dực	2765	194
diều	2763	78
nhuộm	2763	357
rỉ	2763	156
lượn	2759	110
chán	2754	187
ngõ	2746	266
lầu	2739	235
bạ	2735	65
túng	2732	210
cay	2729	148
nạ	2728	89
phàn	2723	140
bận	2720	180
tỳ	2712	302
xuôi	2711	259
đùa	2703	167
thiểm	2699	124
thệ	2698	225
khốc	2691	171
yểm	2681	200
nghênh	2680	149
khoái	2678	338
nứt	2676	181
tro	2676	199
gậy	2664	226
giã	2662	227
khống	2662	236
vòi	2655	174
ướp	2653	391
thầm	2652	113
cu	2644	107
đục	2637	292
cụt	2635	198
nhàng	2635	177
giun	2632	72
xơ	2629	284
kẹo	2616	142
hựu	2608	108
rong	2605	106
gã	2604	74
rũ	2599	119
len	2586	123
phò	2585	173
ôm	2585	172
kíp	2573	105
nóc	2570	169
mạt	2557	194
ngưu	2555	188
đuối	2553	133
gặt	2551	107
hân	2550	104
dán	2549	201
cọ	2547	247
tho	2545	261
tem	2543	720
chước	2539	175
dẻo	2538	259
bồng	2534	274
điềm	2529	145
mẻ	2526	178
thuôn	2523	55
biếm	2520	182
mịn	2507	167
rưỡi	2497	103
rước	2493	232
quấy	2488	192
bôi	2478	169
kèn	2472	212
ngoan	2472	146
hở	2469	195
pi	2463	168
cớ	2453	242
mo	2450	52
gộp	2446	206
xảo	2440	199
hiên	2439	130
nàn	2430	182
vụn	2429	122
gi	2428	47
mân	2428	190
dồn	2426	214
keo	2419	322
mài	2418	303
buồm	2413	157
hông	2412	127
ốm	2412	189
chích	2408	75
ram	2403	131
giọt	2399	265
sụt	2398	199
vằn	2396	86
quặng	2392	258
rang	2392	236
điểu	2391	195
nhàn	2388	143
vấp	2385	135
vần	2378	310
mõm	2374	61
phô	2374	140
lột	2369	184
phiệt	2366	146
oai	2362	190
đũa	2359	213
ngươi	2354	300
sập	2346	117
lồi	2343	410
thềm	2342	218
khiếp	2339	178
rịa	2339	173
cám	2334	63
sum	2325	45
phôi	2324	232
thoi	2324	214
toa	2324	161
đán	2323	220
lậu	2317	251
nộ	2315	146
cừ	2314	118
phiền	2314	217
then	2314	216
mạ	2313	221
dưa	2307	151
lận	2305	162
rò	2298	111
bơ	2294	86
chớp	2294	175
bọt	2290	218
mắm	2289	542
thạo	2282	153
que	2279	162
sầu	2278	126
váy	2277	175
tao	2270	135
huỷ	2260	271
dền	2256	21
hu	2253	37
báng	2249	153
phà	2249	233
bon	2243	42
nhái	2242	42
chè	2236	245
chảo	2233	132
lề	2233	160
đấng	2230	312
tủy	2221	250
diễm	2220	77
ngao	2216	82
ê	2215	151
hệt	2213	142
cởi	2212	164
chuộc	2210	183
nhụy	2205	65
suýt	2202	75
khoẻ	2201	195
nôn	2195	107
xay	2195	189
góa	2192	81
soi	2191	192
ồn	2191	143
đấm	2185	67
ne	2177	88
ngoặt	2177	201
dật	2176	131
nhâm	2170	162
chìa	2169	115
bấm	2157	140
gục	2147	67
trượng	2147	223
giê	2146	371
đắng	2146	150
nọc	2142	31
đớn	2142	116
trỗi	2139	221
tía	2138	143
bìm	2136	8
ngủi	2136	146
trừu	2135	297
chuồng	2134	69
guy	2134	59
phạn	2132	491
nhụi	2129	3
hách	2125	66
nhào	2122	74
nhô	2120	155
lừng	2116	140
bẩm	2114	174
nen	2111	37
ngọ	2111	210
kẽm	2108	431
tẩm	2104	127
nhát	2100	98
nụ	2099	98
vệt	2098	47
hẻm	2096	130
đè	2090	136
phích	2088	111
chồn	2082	57
mày	2079	133
bén	2078	104
dĩnh	2076	91
nhưỡng	2074	168
quạ	2072	88
đố	2069	151
chao	2067	82
sô	2059	86
kẹp	2051	118
rạng	2045	139
oan	2037	126
thuyên	2033	154
búp	2032	46
đọng	2032	179
nhồi	2031	221
tủ	2028	81
tẩu	2026	123
dứa	2023	81
đả	2023	172
cảo	2018	114
búa	2013	106
đùi	2012	103
phẫn	2008	140
phao	2005	109
muôn	1995	236
nguyền	1995	100
sào	1995	180
lau	1990	96
thoa	1988	238
lở	1987	128
léo	1985	125
nghiền	1981	174
vẹt	1981	51
cước	1979	141
hốt	1978	261
chén	1976	188
gieo	1973	259
cưa	1968	113
ất	1961	193
phàm	1960	137
trâm	1958	104
tưới	1958	258
lơ	1956	156
thốt	1947	173
gầm	1940	127
khỏa	1938	53
húc	1937	109
tỉa	1936	93
dạo	1935	116
bỉnh	1932	264
sin	1932	130
vuốt	1930	121
dồi	1925	229
giục	1924	142
gươm	1923	160
bổn	1918	150
sầm	1911	140
dỗ	1910	128
dận	1909	33
chót	1907	73
bỏng	1905	88
bỗng	1903	160
dấy	1901	157
gang	1897	105
cúm	1895	235
đẫm	1893	189
dở	1886	121
ghen	1883	100
xé	1876	144
lim	1871	48
ủ	1869	131
óc	1860	211
pe	1857	46
lách	1854	144
bóp	1851	181
vựng	1848	188
rai	1847	140
né	1845	95
cọc	1844	118
rốt	1844	137
tâu	1844	180
xói	1844	191
ke	1843	35
muỗi	1843	111
kìm	1837	143
kè	1834	64
vá	1833	106
phách	1832	186
ải	1830	173
qui	1829	166
đéc	1827	314
bẩn	1822	123
giông	1817	61
uất	1817	142
choán	1813	5
tuỳ	1813	315
boong	1812	73
mùng	1808	188
khiếm	1807	102
tăm	1807	157
ran	1806	56
chọi	1804	83
thon	1804	56
khoát	1802	218
sỏi	1800	175
oán	1799	157
vóc	1799	131
vy	1797	130
ngỗng	1796	37
sồi	1796	77
nhúng	1795	223
đắn	1793	220
lén	1790	117
ròng	1790	149
hun	1783	96
gạt	1781	185
căm	1780	150
hăng	1779	114
thoáng	1778	142
khiên	1777	93
toản	1774	103
giò	1773	79
ngạo	1773	75
nhuệ	1771	115
lều	1769	121
liêng	1766	149
lắc	1756	135
din	1752	75
sấm	1747	201
tụy	1747	243
thuỵ	1740	214
thâu	1734	175
ơi	1732	81
bón	1729	129
lăm	1728	100
sái	1728	55
cưng	1727	39
thìn	1727	162
tua	1727	168
chốn	1724	134
rét	1720	144
giàn	1719	102
chạp	1717	176
nuốt	1715	110
bửu	1714	144
lõm	1714	163
ngói	1713	406
xoài	1712	76
súp	1707	81
tuất	1704	132
trọt	1702	216
đái	1701	101
bân	1699	33
chèn	1698	133
lay	1691	111
uông	1690	74
vỹ	1690	110
dì	1687	48
điếm	1683	95
vọt	1680	151
lung	1675	126
noãn	1671	103
lốp	1670	97
bẻ	1669	129
chà	1668	156
vãn	1667	197
bẹ	1658	33
dậu	1657	181
luộc	1654	140
nin	1652	179
vướng	1651	110
xế	1650	47
chưng	1648	333
rớt	1648	49
thoả	1644	272
hột	1643	149
lộng	1641	132
nặc	1635	154
lướt	1633	117
rộn	1629	121
sòng	1629	70
ngoạn	1628	143
mía	1627	152
rạc	1626	221
nhặt	1624	117
xì	1621	64
chun	1616	102
lửng	1612	84
mò	1612	81
hoi	1607	104
đặn	1607	177
giòn	1603	89
lít	1600	118
trèo	1600	105
vờ	1596	76
phỉ	1592	105
tý	1590	185
ủi	1590	148
tụt	1589	108
lin	1588	22
đởm	1584	17
cược	1581	74
lẫy	1581	122
hoắc	1580	49
vả	1579	124
toại	1578	80
trãi	1571	382
vỗ	1571	87
hổng	1570	111
nọ	1566	90
hợi	1560	127
thêu	1560	119
khảm	1557	131
tỏi	1557	107
bú	1555	84
nhí	1555	25
ang	1550	66
ngắt	1549	139
tỵ	1546	135
dào	1545	193
buông	1542	138
ny	1541	31
xuồng	1541	52
í	1538	76
kệ	1537	208
vượn	1537	71
nhạn	1534	140
thối	1534	112
sán	1533	110
xáo	1533	138
oa	1530	98
sim	1530	29
chàm	1528	147
lị	1528	119
mão	1528	114
tiếu	1528	84
nguội	1527	173
nã	1527	98
tiều	1522	38
xẻ	1515	89
rơm	1514	48
úp	1508	159
chậu	1506	147
xát	1505	112
sò	1504	74
át	1504	97
xy	1503	20
hét	1499	92
chóp	1497	100
rao	1496	104
xoa	1496	135
hủ	1495	182
vã	1493	87
vác	1490	113
thiều	1488	155
đốn	1485	173
cầy	1482	46
bu	1480	87
thuột	1478	232
nhữ	1469	84
náu	1468	83
kiệu	1463	90
sửu	1463	114
trứ	1463	141
găng	1459	55
nạt	1458	27
nến	1457	98
pu	1456	62
trăn	1456	57
mớn	1455	2
chải	1454	53
tuồng	1454	200
lốc	1453	87
quấn	1453	127
võng	1450	122
trói	1449	97
xót	1442	126
yểu	1441	49
kiêng	1440	162
chẵn	1439	145
hít	1437	105
hoả	1436	158
xua	1435	105
hốc	1434	64
răm	1434	34
xách	1433	132
chồi	1429	94
phông	1425	102
đẩu	1425	115
bói	1422	142
hỷ	1415	100
bún	1413	209
nom	1413	48
mon	1411	38
trệ	1411	172
ngây	1410	65
phất	1408	201
sớ	1405	113
cạo	1404	90
toan	1402	148
lọ	1396	92
bùa	1389	116
chê	1389	157
thóc	1386	161
nu	1385	41
chui	1382	105
hanh	1377	108
cằn	1376	145
quới	1370	27
rỗi	1370	236
loãng	1368	125
ngoặc	1368	113
nhuyễn	1367	103
chầu	1365	89
dặn	1364	139
vàm	1363	59
cọp	1361	63
choàng	1360	74
dẻ	1360	58
quất	1357	105
mít	1355	138
muội	1352	120
diệc	1350	41
gom	1347	126
trỏ	1347	270
khốn	1346	145
rê	1339	76
bưởi	1338	164
thiếc	1337	165
múi	1335	153
hen	1334	77
liềm	1331	145
chăng	1330	153
chả	1330	186
gởi	1330	176
mãng	1330	52
chiềng	1326	18
khuông	1326	94
lờ	1324	89
thiêm	1323	81
mút	1320	146
cang	1319	87
trát	1312	94
nghẽn	1311	145
dẹt	1305	64
trọ	1305	70
dạt	1300	110
nhấp	1300	58
dang	1299	74
gam	1295	95
ngào	1295	50
bã	1289	84
chật	1287	92
mồng	1286	137
trêu	1286	71
điếu	1284	111
pô	1282	176
tửu	1277	88
mâm	1276	94
nới	1275	110
cham	1271	39
miệt	1271	118
phanh	1271	71
nhở	1270	91
kền	1268	65
đò	1268	79
kham	1266	52
cạp	1265	54
dẫu	1263	120
tốp	1262	41
húy	1257	106
bịt	1256	72
thớt	1256	107
nong	1255	15
khất	1254	70
rách	1253	109
huyên	1251	63
nêm	1249	57
sưng	1249	61
đãng	1249	72
nhẹn	1248	36
câm	1247	56
bướu	1244	146
thằng	1244	89
ụ	1244	32
mắng	1243	93
trảng	1237	56
sưởi	1235	97
nản	1233	98
pênh	1230	113
quầy	1230	67
răn	1230	144
chóc	1229	84
mụ	1225	73
uẩn	1225	236
vùi	1225	89
khế	1224	115
tong	1224	16
kiền	1223	81
toạ	1223	170
ghê	1222	68
sạc	1220	49
lợp	1218	129
rộ	1216	126
rom	1210	59
ngả	1208	127
phớt	1206	57
đạ	1200	16
nùng	1197	183
tì	1192	202
trĩ	1191	68
ngải	1188	157
tày	1188	274
xo	1187	106
băm	1186	106
lóng	1186	73
huyệt	1184	90
tằm	1183	278
nanh	1182	62
đản	1182	116
sảng	1181	49
ngỏ	1180	81
náo	1180	103
ngốc	1179	44
niệu	1179	135
cau	1178	135
quẻ	1175	421
dia	1174	67
um	1172	75
mận	1171	92
mễ	1169	122
tẻ	1169	119
gập	1168	66
vứt	1167	79
tánh	1166	103
méo	1165	73
lạy	1162	108
bống	1161	30
ỷ	1161	91
chiểu	1153	126
hui	1153	19
lon	1153	71
sục	1153	34
gót	1151	65
củi	1150	102
đu	1150	90
tí	1149	53
cổn	1147	43
lạch	1144	75
puy	1144	2
phồng	1142	88
thắp	1139	119
gáy	1138	54
sộ	1134	122
ay	1130	23
chắt	1129	71
thuấn	1123	137
chằng	1122	64
nhím	1122	20
rà	1121	84
via	1119	34
phiện	1117	139
đậy	1117	102
chử	1114	106
ngậm	1101	89
lẻo	1098	114
thoạt	1098	51
giồng	1097	54
hèn	1097	103
tạt	1097	61
doạ	1095	134
quỵ	1095	71
trũng	1093	128
vồng	1093	106
nấp	1091	53
chài	1089	94
rim	1089	21
xăm	1089	68
vặt	1088	59
vế	1087	132
kheo	1085	189
sấy	1085	73
xốp	1085	95
máng	1082	74
phình	1082	81
ráo	1080	82
vâng	1080	74
đĩnh	1079	165
hé	1078	37
bẩy	1077	69
tộ	1077	161
áng	1077	74
bàu	1075	42
nhớt	1074	114
văng	1074	101
vạc	1074	78
dầm	1073	117
giấm	1073	101
thắn	1073	56
êm	1070	92
rin	1067	26
rìu	1067	93
xiên	1067	44
nghiêu	1066	119
poa	1065	8
thặng	1065	100
ơ	1065	106
ách	1063	95
hóc	1059	70
khăng	1059	64
noi	1056	73
hùm	1054	55
quắn	1054	6
gao	1051	62
mượt	1049	46
lười	1048	56
mú	1048	47
nhộn	1048	64
ó	1048	34
tằng	1045	23
vất	1045	80
dom	1043	86
giễu	1040	85
bần	1038	108
mương	1037	56
xiếc	1037	35
nê	1036	69
chù	1035	9
gon	1030	19
gầy	1026	75
too	1026	26
tiễu	1025	51
chắp	1022	88
trẫm	1022	99
khước	1021	123
rốn	1021	26
hòng	1019	71
loét	1019	82
sên	1016	27
viêng	1013	91
ăng	1011	118
ngửa	1010	89
trá	1009	79
còi	1006	36
xào	1002	106
ngất	998	46
cháo	997	126
chợt	997	53
cội	995	87
thốn	995	111
bai	993	58
hỉ	993	81
triện	990	36
ào	990	83
chói	987	93
lem	985	13
nhút	985	36
hử	984	13
líu	984	108
rán	984	60
mòng	982	18
đoái	980	95
thong	979	44
liễn	977	135
vắt	977	62
mọng	976	40
hinh	975	78
bục	974	21
sá	972	106
rẫy	971	104
rợ	970	83
quai	969	101
hua	965	17
thừng	965	72
tủa	965	91
pen	964	23
trặc	962	53
cúi	961	84
vụng	957	33
quýt	956	64
nơ	953	69
thèm	950	75
sẹo	948	63
mấu	947	78
đóm	947	41
ỏi	944	70
khun	943	29
luông	936	47
giặt	934	61
sướng	930	65
nách	926	74
niết	925	260
giàng	924	76
sắn	921	82
vữa	920	135
vỉa	919	38
bực	914	64
khắt	914	104
mẩu	914	95
yếm	911	72
rủ	909	73
cào	904	27
nhám	904	78
sành	904	76
cồng	903	88
mị	903	47
sỉ	902	59
tràm	900	60
độn	900	139
mốt	897	50
vẩy	897	47
thản	894	56
đom	892	38
sặc	891	55
bênh	889	88
bứa	887	8
khét	887	46
gỉ	886	41
thây	885	31
chơn	884	39
khướu	883	1
tễ	882	75
dùi	881	37
giằng	881	57
ngạt	881	53
ư	880	104
rặng	878	58
ôi	877	59
om	876	84
rụi	874	35
guốc	873	55
mụn	872	56
ngừ	872	42
nhức	872	72
bới	871	45
lẩn	871	56
chẻ	867	34
phai	867	65
dép	866	67
giơ	864	52
mỉ	863	83
lép	862	30
ồ	862	82
khuấy	860	47
phèn	860	62
chét	856	51
sụn	853	46
chin	852	34
hon	852	26
tuế	850	119
xoá	850	129
uý	849	56
núm	848	36
nhại	847	60
thìa	846	29
gờ	845	54
nhạo	845	55
giỗ	844	180
thẳm	843	63
cữu	840	77
vung	836	84
mè	834	90
trầu	834	101
rái	833	23
sậy	833	64
mia	832	6
mứt	832	74
nhổ	831	71
vét	831	75
nghiễm	830	41
sả	830	77
kén	829	65
xù	828	28
chiêng	825	55
cheng	823	7
gấm	822	69
vặn	822	86
peng	821	5
riềng	821	78
dam	820	15
iu	820	5
khuỷu	819	60
ín	818	40
hú	817	11
nể	813	68
mủ	810	133
trổ	810	83
bừa	809	71
duyện	809	20
cùi	808	88
sỡ	808	44
thán	808	116
thố	807	32
ạt	807	84
cồ	806	185
típ	805	91
cheo	804	74
duẩn	803	280
phở	803	87
bôn	800	46
lụy	800	40
ngạnh	800	15
hới	798	139
lượm	798	121
khoe	795	54
ngần	794	60
vít	792	34
cặn	791	56
khuya	790	46
tuộc	790	20
dượng	788	28
siết	788	36
bứt	787	32
hẻo	787	71
xén	787	53
xước	787	43
vạt	786	68
côm	785	1
mỏm	785	34
đuốc	785	96
cộ	784	62
thảy	783	74
tớ	783	58
chệch	780	86
ốp	780	69
tru	779	35
xâu	779	84
lậy	778	17
reo	777	58
ão	777	15
bịp	775	22
lia	773	21
thắm	770	53
toả	763	95
xao	758	61
lóc	756	44
bung	755	34
nôi	755	100
truật	754	103
nành	753	103
biền	752	64
hót	752	30
nhầy	750	51
nòi	750	62
ngứa	749	30
xịt	749	30
triền	748	69
yển	748	52
cút	747	20
nao	747	23
trơ	745	116
ui	745	14
vo	745	21
dẳng	744	69
him	743	34
bít	742	87
nem	742	52
chập	741	85
xốt	741	10
doo	739	33
ẩu	736	49
rủa	734	45
chong	733	23
thia	733	12
chông	732	41
thà	732	59
cấn	731	28
thuỷ	731	74
nhịn	730	66
kiết	729	62
phúng	729	73
tuốc	727	125
khứu	726	48
rốc	726	22
xúi	725	54
rông	724	54
mống	721	58
pay	721	4
râm	721	40
ngan	719	5
cỏi	718	61
tấc	717	51
lợ	716	30
ngõa	716	43
trút	716	73
rơ	715	57
eng	713	9
liếm	713	21
nện	713	27
xẻo	713	36
dĩa	711	40
hạp	708	60
moi	708	42
nhoáng	708	78
nghê	706	36
hòm	705	40
nhọc	705	72
sảo	705	40
bốt	702	51
nhờn	702	48
cẳng	700	33
choáng	699	38
khóm	698	22
khuyển	695	35
chửi	693	55
nỏ	690	89
teo	690	22
chỏm	689	40
hí	689	31
hất	689	37
vược	689	6
há	687	94
ập	687	37
rúp	686	22
trau	685	82
lẻn	682	31
nhứt	682	68
nạc	681	31
diếp	679	89
nghè	678	46
tót	678	58
lươn	677	23
mỗ	676	62
tột	676	81
óng	676	22
nháy	673	44
nạo	673	70
xổ	673	28
sà	672	13
chĩa	671	50
gồ	671	60
quyện	670	64
gạc	669	41
tởm	669	33
vãng	668	72
bờm	667	22
bô	664	61
thẫm	664	51
đát	663	187
đóa	663	38
hộc	660	35
rầm	660	53
xỉn	660	46
nữu	659	20
chùy	658	28
ghẻ	656	26
hấn	656	46
boa	653	39
ngẫm	653	62
xoang	653	130
kèo	652	52
nguỵ	652	48
vạ	652	52
chốc	651	39
cằm	651	18
rảnh	651	57
trụi	651	52
đước	651	41
bịa	650	34
oánh	650	54
goa	649	26
két	648	24
goo	647	6
hãnh	643	70
gong	641	5
dế	639	17
ruy	639	27
vừng	639	48
dè	638	57
lún	638	61
pao	638	15
them	638	23
ghềnh	636	82
nưa	636	17
nếm	636	40
giỏ	634	58
rót	634	66
biếng	632	37
xộn	631	40
duật	630	52
sám	630	32
vẫy	630	34
đoản	630	46
đớp	629	8
rằm	627	104
đoài	627	68
xuyến	625	44
nhăn	624	42
mỳ	623	60
sạt	623	28
chớ	622	88
soán	622	58
xoan	621	27
khấn	620	74
mỉa	620	35
trồi	619	32
giăng	618	55
dấn	615	30
lút	615	35
tép	615	58
sứa	613	18
rượt	610	13
sếu	610	39
thốc	609	37
bèo	608	66
chiền	608	83
năn	608	49
vạng	608	18
rum	607	12
đẽ	607	54
ton	606	17
ắt	606	54
mí	605	23
gio	601	40
háo	601	29
chình	600	13
luỹ	597	56
moo	597	27
dem	596	22
dạn	595	50
xúp	595	9
gọng	594	62
nhử	594	26
tít	592	36
bẹp	591	58
quýnh	590	34
phiếm	589	38
bum	587	11
cộc	586	23
xoăn	586	25
lự	585	77
thắc	585	66
rồ	584	20
thun	584	12
ươm	583	36
ngoái	582	30
vồ	581	28
khản	580	30
thát	580	63
xán	580	41
sủa	579	38
chum	578	47
tun	577	3
chấu	576	17
nghé	574	27
nghẹt	573	41
trảm	572	30
rệp	569	22
sưởng	569	5
dữu	567	58
gảy	565	146
huổi	564	0
mướn	564	53
nhé	564	24
phẩy	564	48
pia	563	9
quăng	563	34
sờ	563	52
xiết	562	45
gièm	561	26
toát	561	43
hống	559	67
phìn	559	16
mùn	557	47
thom	557	30
hiềm	556	50
khoét	555	70
nhộng	555	17
gợn	554	31
nhuế	553	25
pau	553	13
lìa	552	78
lức	552	21
quặc	551	26
mòi	550	8
suyễn	550	44
cựa	549	13
khay	549	47
luồn	549	48
lúp	549	22
tiếm	548	45
tấp	548	60
vin	547	16
kiểng	546	17
tuý	546	106
ghe	545	53
gióng	545	60
mửa	545	49
nhựt	545	18
chạng	543	14
ghề	542	47
ngung	541	42
nộn	541	40
hòe	540	44
gin	539	5
mầu	539	35
ngo	539	48
nuối	539	25
trớ	539	40
vơ	539	51
dông	538	38
sia	536	8
giương	534	44
trệt	532	28
ờ	532	7
quàng	531	43
ổi	531	26
báp	530	91
dưng	529	27
muỗng	529	25
nhàm	528	26
ria	528	13
xòe	528	50
cưu	526	98
duỗi	526	47
voọc	526	30
mẹo	524	35
chằm	523	21
nhả	523	31
nấng	523	18
chửa	521	9
khuổi	521	3
nia	521	20
sính	521	40
vầng	521	30
hàu	520	13
nháp	520	36
uế	520	45
voa	518	61
hễ	517	69
ghim	515	18
quí	515	18
én	515	26
háng	514	20
thét	514	47
xang	513	36
đụn	512	31
ganh	510	57
thẹn	510	66
găm	508	33
kin	508	9
thớ	508	19
bun	507	8
vỏn	507	28
gù	506	18
kềnh	505	54
lốm	505	10
lẩu	504	29
thọc	504	52
tơi	504	48
húng	502	30
phia	502	20
thau	502	56
rợn	501	19
lọng	500	29
dằn	499	15
nãi	499	46
ngấm	498	46
chuốt	497	42
choang	496	22
tuẫn	495	36
ua	495	20
nhét	494	24
bời	490	34
thửa	490	19
gianh	489	77
hâu	489	31
nứa	489	55
bụt	488	49
cuốc	488	42
suôn	487	36
thò	487	13
xui	487	37
gui	486	95
rầy	486	27
mỉm	484	27
thỏi	484	25
đọ	483	30
cuội	482	49
mom	481	6
trọc	480	39
lạn	479	37
ngó	479	50
táp	479	40
gài	478	32
bả	477	25
dãi	477	45
thy	475	16
điếc	475	34
som	473	31
é	471	16
gọt	469	39
nịnh	468	45
sít	468	30
váng	468	29
đay	468	34
cụp	467	13
khít	466	42
rình	466	33
còng	465	6
gội	465	27
nần	465	32
pom	463	0
ắc	462	84
khon	461	5
nhuần	461	60
thuý	461	63
lài	460	30
bừng	458	42
gớm	458	30
hường	458	25
tran	456	16
xắc	456	18
khoanh	455	27
túp	455	26
giuộc	454	14
quyệt	454	20
vát	454	25
té	453	34
hặc	452	21
nhóc	452	24
vắn	450	52
ù	450	8
mọt	449	28
nhang	449	52
rương	449	8
vưu	449	15
chòi	448	47
hác	448	14
sui	448	17
cật	447	87
dìu	447	79
hũ	447	49
mả	447	61
tráo	446	17
nấc	444	37
trin	444	1
banh	443	41
ngẩn	443	25
bặc	442	43
ngơ	442	52
nhấc	442	47
bua	441	11
ná	441	23
tau	441	50
giẫm	440	16
hịch	440	58
num	440	2
dy	439	16
lốt	439	34
sếp	439	35
gắm	438	41
sởi	438	98
rụt	435	9
vàn	435	39
nài	434	32
bưng	432	28
moe	432	6
phộng	432	13
tiệt	432	63
hỡi	431	35
gào	430	37
qu	427	24
mênh	425	52
chửng	424	21
sần	424	31
boo	423	2
ngỡ	423	29
tợn	423	19
pong	422	3
quáng	422	44
úng	421	71
mó	420	17
nái	420	5
dà	419	66
nấy	418	39
phết	418	59
quệ	418	62
tròng	418	23
yêm	417	37
ảm	416	22
gỏi	415	54
hấu	415	34
lẫm	414	34
phiêng	414	0
phễu	413	34
cáng	412	31
dăm	412	30
toái	412	27
búi	410	50
nhọ	410	27
quắc	409	14
dẫm	408	31
gàng	408	24
hói	408	8
nặn	408	39
gô	407	26
giảo	405	17
mịch	405	29
trụy	405	28
vom	405	12
lôn	404	47
nầy	404	66
pơ	404	49
ưởng	404	35
chẹn	403	7
cốm	402	35
dí	402	42
nhủ	402	27
chát	401	18
hắt	401	32
keng	400	5
lố	400	28
sỏ	399	26
nhão	397	27
rèm	397	26
bướng	396	9
siêng	396	31
vút	396	33
ầm	396	51
dó	394	86
ngớ	393	21
nột	393	20
bở	392	31
hẹ	392	85
ngọa	392	72
xôn	391	35
hý	390	24
gôn	389	27
rùng	387	12
nỉ	386	34
súy	386	41
chẩm	384	17
ngàm	384	7
lác	383	27
cui	382	11
gien	382	38
mồm	382	43
chau	381	14
hin	381	3
quẩn	381	26
thụt	381	40
dát	380	40
mui	380	21
pù	379	5
đanh	379	21
tuông	378	23
cỗi	377	29
pam	377	8
rui	376	8
rữa	376	24
đờn	374	26
lèo	373	20
sậm	373	16
ứ	373	44
gum	370	7
lúng	370	29
mé	370	32
rọi	370	47
xở	370	16
ế	370	25
chần	369	33
huyễn	369	36
sủi	369	29
lụi	368	51
chững	367	24
phen	367	39
trê	367	6
chít	366	33
tòi	366	53
tuột	364	26
vè	364	61
thình	363	37
chũm	362	13
dặc	362	27
loát	362	23
nhông	362	9
roem	362	0
biếu	360	50
quầng	360	36
sí	360	8
trư	360	16
xỉu	360	16
dìm	359	25
hức	358	18
giầy	356	59
hớn	356	18
khiêng	356	20
loang	356	25
ngửi	356	31
bớ	355	37
thin	355	16
vó	355	18
nghêu	354	8
nức	354	38
rem	354	9
phụt	353	52
nhòm	352	39
xiển	352	37
sảy	350	24
thuỳ	350	28
vía	350	71
rết	349	9
ươi	349	18
dặt	348	36
gờm	348	28
lùm	348	14
nú	348	12
giẻ	347	18
mõ	347	16
tè	347	34
leng	346	9
miu	345	0
oi	345	9
sưa	345	29
héo	344	21
lủng	344	10
ngợm	344	17
gành	343	51
puya	343	1
thiển	343	33
vơi	343	18
gá	342	7
thỉu	342	20
khơ	341	47
núp	341	17
quậy	341	20
cáu	340	15
nỡ	340	29
cợt	339	35
hến	339	27
nục	339	9
nặm	338	8
nắn	337	34
pham	336	10
poe	336	19
trạc	336	16
băn	335	32
trám	335	62
đười	334	17
bầm	333	15
pắc	333	13
pang	332	28
hiệt	331	19
nghinh	331	25
gáo	330	34
muông	330	28
ngát	330	20
coo	329	10
hoét	329	2
nheo	329	14
lình	328	29
ngán	328	21
oát	328	20
pai	328	1
nộm	327	25
pác	327	22
trôm	327	11
vỉ	327	15
búng	326	34
biếc	325	22
nhương	325	25
cum	324	16
véc	324	74
đẽo	324	62
ngách	323	20
vái	323	35
huề	322	12
đút	322	24
gượng	320	26
nhún	320	17
túm	320	15
vông	320	18
lõa	319	13
lẽo	319	35
ruồng	319	18
thòi	318	25
hăm	317	31
nập	317	40
chái	316	21
mỵ	316	32
trợn	315	15
xíu	315	39
xắt	315	13
giăm	314	9
chủy	313	15
cuông	313	17
mải	313	27
rì	313	31
đùng	313	28
khau	312	17
thàng	312	7
ùn	311	18
tanh	310	37
hời	309	17
nguôi	309	21
sệt	309	19
têm	309	50
vớ	309	18
ối	309	23
bơn	308	41
hằn	308	35
bợ	307	27
dũ	307	31
sẩy	307	31
xẩm	307	10
lết	306	7
mớ	306	31
sến	304	8
sửng	304	35
thồ	304	22
khuy	303	17
truân	303	16
tróc	303	23
huê	302	16
mích	302	35
nui	302	29
lùa	301	11
nghếch	301	6
quây	301	33
đọa	301	33
hù	300	3
tráp	300	11
sấp	299	25
đuống	299	47
khờ	298	16
loi	298	9
ngầu	298	8
rít	298	29
xiềng	297	37
xú	297	11
toi	296	4
muống	295	51
sy	295	14
trìu	295	17
xài	295	27
xỏ	295	21
hoẵng	294	10
mề	294	16
rát	294	16
tren	294	6
bau	293	3
guồng	293	28
ráng	293	27
hả	292	15
múc	292	28
nết	292	18
chôm	291	71
lì	291	19
try	290	5
chạch	289	3
ngò	289	8
sãi	289	78
tiển	289	10
trảo	289	19
tĩu	289	21
dỏm	288	19
dốt	288	22
gật	288	14
ngoãn	288	11
nệm	288	7
oải	288	17
lẹ	286	14
dãn	285	38
phay	285	25
tã	285	13
nghén	284	16
nhụ	284	13
riết	284	25
quở	283	34
khưu	282	19
ngời	282	29
sác	282	30
nhậu	281	5
quẫn	281	18
tui	281	17
dầy	280	30
moa	280	14
giời	279	7
pá	279	9
diềm	278	38
rận	278	14
siu	278	2
xín	278	17
khăm	277	14
rú	277	33
khoăn	276	31
mịt	276	33
nhú	276	23
tẫn	276	17
chom	275	3
bêu	274	20
roe	274	6
đẫy	274	34
bét	273	10
bấc	273	15
chem	273	56
hõm	273	11
bấp	271	37
chòe	271	2
cõng	270	18
dẽ	270	6
khong	270	9
quăm	270	2
vụt	270	9
doe	269	8
dun	269	7
dơ	269	25
luống	269	24
phung	269	23
sững	269	18
xéo	269	24
đùn	268	12
chỏ	267	6
cọng	266	21
hom	266	24
hám	266	11
chọe	265	8
chừ	264	19
oe	264	11
buy	263	4
mành	263	26
ên	263	9
nhài	262	17
rành	262	25
xới	262	18
liệm	261	11
cườm	260	24
miễu	260	13
mần	260	19
boi	258	7
rè	258	5
rạ	258	27
đờ	258	16
ỉ	258	21
hoe	257	8
ngàng	257	19
rí	257	24
thinh	257	28
bỉm	256	5
choe	256	0
mánh	256	23
nhép	256	13
quao	256	18
vê	256	42
chon	255	6
héc	255	15
hê	255	16
hóm	255	44
tưng	255	22
xẻng	255	14
nhạ	254	19
thăn	254	8
lòa	253	21
nhỉnh	253	12
nhợt	253	7
trẻo	253	16
chũi	252	5
mướp	252	20
nhót	252	21
nhơ	252	20
nậu	251	11
vun	251	19
thít	250	13
nghiến	249	22
đảnh	249	21
khàn	248	16
luy	248	43
lù	248	13
truồng	247	18
xia	247	7
xim	247	6
khự	246	0
phang	246	8
heng	245	23
kếp	245	11
noo	245	4
bện	244	27
sứt	244	23
cót	242	12
hờn	242	26
khêu	242	19
xắn	242	10
dua	241	10
roo	241	2
xức	241	24
chuôi	240	50
đờm	240	17
mán	239	26
oem	239	14
tron	239	8
nực	238	17
trầy	238	23
nả	237	5
dấp	236	17
lán	236	13
lòi	236	12
lả	236	8
thúng	236	25
rẩy	235	10
khuân	234	13
noa	234	5
pim	234	3
tành	234	18
vãi	234	25
nhòa	233	17
triêu	233	13
xuy	233	13
mách	232	14
nhẽo	231	3
nẻo	231	19
rây	231	31
xèo	231	26
bịch	230	17
ngông	230	19
trạo	230	17
đễ	230	15
hoo	229	2
mim	229	4
beo	228	14
bim	228	4
hóng	228	17
tuôn	228	33
đoa	228	9
cún	227	5
lum	227	13
meng	227	12
mạp	227	12
nhắt	227	9
oo	226	7
sùi	226	23
ngỗi	225	24
nẫm	225	11
quẩy	225	13
rầu	225	21
thếp	225	27
vót	225	28
lạo	224	15
ngợp	224	10
nhen	224	20
deng	223	7
lênh	223	23
muồi	223	30
ngùi	223	14
sem	223	6
chuốc	222	13
chừa	222	24
rưởi	222	9
ú	222	13
đong	222	23
chếch	221	17
cáy	221	31
dái	221	11
lãn	221	31
lởm	221	6
gầu	220	85
hừng	220	5
nhọt	219	13
sình	218	28
chạc	217	21
bậy	216	21
pà	216	17
quải	216	12
rưới	216	24
chiện	215	3
gút	215	7
hiu	215	15
huýt	215	11
khư	215	19
trập	215	14
xối	215	14
đỗi	215	18
chận	214	10
chịt	214	42
cốp	214	2
khoả	214	9
láy	214	15
nhác	214	18
xửa	214	3
gau	213	5
nĩa	213	16
rươi	213	4
đơ	213	34
pít	212	18
rền	212	17
đên	212	10
ố	212	23
chùng	211	7
kiển	211	9
meo	211	15
niệp	211	0
đỉa	211	6
chiu	210	8
hờ	210	24
mọn	210	30
ghẹo	209	12
giở	209	12
ngót	209	17
phum	209	6
chũ	208	12
hợt	208	14
nhừ	208	11
thùa	208	11
vánh	208	7
xóc	208	13
chíp	207	14
coen	207	1
thược	207	16
xuyết	207	46
cun	206	1
sắng	206	18
moóc	205	9
phệ	205	83
bam	204	3
cũi	204	25
khóe	204	14
nhành	204	16
điêng	204	21
dề	203	18
cùn	202	7
lua	202	5
ngùng	202	10
vầy	202	16
hem	201	15
hỉnh	201	14
phèo	201	6
sìn	201	13
tủi	201	19
chụm	200	16
dõng	200	8
giỡn	200	14
lọi	200	19
ngẩng	200	14
níu	200	16
tời	200	13
vanh	200	13
choắt	199	1
què	199	7
quăn	199	10
vựa	199	30
poem	198	1
ửng	198	9
chơ	197	17
thiềm	197	15
xáng	197	2
choo	196	2
dượt	196	10
giũa	196	17
lẳng	196	10
nhuốm	196	15
roa	196	4
bạng	195	4
hiêu	195	5
khùng	195	8
lom	195	11
pò	195	12
quo	195	16
trườn	195	10
bảnh	194	3
chãi	194	20
ngâu	194	12
nhõm	194	13
rường	194	16
chởm	193	6
lổ	193	8
đuông	193	5
gừ	192	16
kỉnh	192	8
quàn	192	10
đọi	192	17
ngậy	191	10
nhăng	191	6
ló	190	20
nhảm	190	13
trum	190	2
khum	189	10
lặt	189	15
nim	189	10
xúy	189	15
gắp	188	21
hĩnh	188	18
lảng	188	15
mẩn	188	20
nhằn	188	15
ruốc	188	32
rộc	188	8
đít	188	5
quặp	187	4
vạm	187	8
đềm	187	9
chớm	186	8
khảnh	186	7
kìa	186	14
nun	186	7
tray	186	8
trấu	186	21
hum	184	4
nau	184	3
phui	184	13
pú	184	7
xiêng	184	12
đần	183	23
chội	182	17
ròi	182	14
bím	181	2
lõng	181	15
nhum	181	3
phon	181	0
pí	181	16
pó	181	21
rọc	181	15
sú	181	14
sển	181	21
tở	181	3
vôn	181	33
hòi	180	18
mam	180	16
ngam	180	1
ré	180	11
sín	180	3
toạc	180	11
mèn	179	13
nhối	179	17
nhỡ	179	11
sặt	179	13
thoai	179	21
vén	179	15
víu	179	28
hích	178	18
lun	178	2
ngóng	178	13
ní	178	15
sạp	178	10
uân	178	2
nẻ	177	12
rườm	177	31
thòng	177	8
vênh	177	12
lèng	176	7
niu	176	10
úa	176	7
ké	175	5
ngoằn	175	19
veng	175	8
bẹt	174	26
gấc	174	15
ró	174	1
bìu	173	17
cóng	173	13
ghì	173	3
ngoa	173	9
đốp	173	5
dấm	172	32
rộp	172	13
tầu	172	7
cạm	171	6
lơn	171	5
ruổi	171	16
chẵng	170	1
pon	170	1
trành	170	3
đênh	170	20
bẽ	168	25
bủa	168	13
ngoi	168	4
nua	168	16
rua	168	6
tèo	168	1
dôi	167	16
ghẹ	167	5
inh	167	4
nhá	167	10
pờ	167	7
vối	167	31
è	167	6
sênh	166	7
ốt	166	5
dòm	165	12
dậm	165	15
phin	165	24
vẹo	165	11
chấy	164	7
giãi	164	21
lèn	164	12
lơi	164	14
lỏi	164	8
noong	164	3
nịch	164	6
tuỷ	164	52
xẹp	164	27
liệp	163	9
rên	163	10
rống	163	20
thài	163	19
noam	162	22
tàm	162	18
vại	162	24
dim	161	1
khoắn	161	11
suông	161	22
bẻo	160	2
muồng	160	3
thoán	160	56
toe	160	8
triêm	160	7
hớt	159	12
khoằm	159	2
ngổ	159	4
py	159	2
tấy	159	5
ĩ	159	19
mố	158	17
ngái	158	67
phăng	158	8
soài	158	7
trối	158	12
ngớt	157	14
nạng	157	11
quặt	157	6
cơi	156	12
rá	156	45
teng	156	7
tuốt	156	9
hơ	155	3
hủi	155	21
éo	155	10
biều	154	9
thuân	154	6
bâng	153	6
hổi	153	12
loe	153	18
loen	153	0
ngáy	153	3
ngóc	153	17
phảng	153	18
seng	153	4
thảnh	153	3
ngố	152	1
nướu	152	7
nịt	152	17
sàm	152	6
xiêu	152	23
buốt	151	16
khom	151	19
soe	151	2
trùn	151	1
dúi	150	2
lóe	150	10
lấm	150	11
rằn	150	1
sì	150	5
xoong	150	32
hếch	149	4
khèn	149	19
lú	149	12
nhồng	149	1
oản	149	11
tâng	149	15
tùm	149	11
xùm	149	6
beng	148	9
nhãng	148	15
panh	148	4
pín	148	2
sủ	148	3
xổm	148	7
bui	147	4
gở	147	12
khuây	147	14
nhè	147	9
rắm	147	13
gổ	146	6
hoản	146	5
khem	146	5
ngoèo	146	14
nhằng	146	18
nuông	146	1
sốp	146	4
xệ	146	14
đượm	146	24
chuyết	145	27
chỉa	145	4
gụ	145	5
loo	145	2
pôn	145	12
vện	145	3
vồn	145	3
ói	145	7
chằn	144	1
duẫn	144	2
nám	144	2
sua	144	6
tó	144	7
ón	144	10
chỉn	143	2
doan	143	5
phướn	143	9
giốc	142	27
lỳ	142	10
mơn	142	16
núng	142	15
toang	142	12
chò	141	8
chộp	141	3
hoăng	141	0
láo	141	9
ngăm	141	5
nạm	141	14
nớt	141	6
rinh	141	9
treng	141	16
đăm	141	8
ắp	141	19
cạch	140	3
cộp	140	5
hững	140	9
khoách	140	12
bềnh	139	5
ché	139	6
hoen	139	11
hoóc	139	10
nghiễn	139	11
nhổn	139	10
rựa	139	9
vẩn	139	16
chược	138	0
cùm	138	7
ròm	138	26
trót	138	7
gông	137	8
huyến	137	5
líp	137	35
xỉa	137	11
đù	137	2
hau	136	3
kẻo	136	10
nghẹn	136	10
thuy	136	4
tịt	136	4
chuy	135	4
chầm	135	7
cữ	135	20
gâm	135	19
hia	135	3
kềm	135	9
tủng	135	2
díu	134	7
hẫng	134	11
nghĩnh	134	7
sảm	134	13
thím	134	4
thơi	134	6
uổng	134	13
vón	134	8
chá	133	15
chác	133	14
rỗ	133	11
chùi	132	18
dến	132	7
giâm	132	11
ngấy	132	5
nẹp	132	14
ẵm	132	10
bết	131	8
dột	131	8
mướt	131	21
ngước	131	10
nhỉ	131	23
niêu	131	6
quẹt	131	12
thũng	131	4
trịch	131	4
tuồn	131	10
chột	130	7
gẫm	130	8
lóa	130	9
điệt	130	6
bọng	129	13
bụa	129	8
giẽ	129	12
kệch	129	10
liệng	129	14
lới	129	12
phạ	129	13
thứu	129	9
đĩ	129	29
nẩy	128	16
phom	128	1
phàng	128	5
rờ	128	7
thãi	128	16
trờ	128	6
xó	128	18
bót	127	6
dum	127	1
giong	127	16
giòi	127	9
ngoai	127	6
tram	127	10
giu	126	8
lòe	126	17
phốt	126	7
thui	126	12
đìa	126	8
bòn	125	15
chường	125	10
giạ	125	6
nín	125	14
thum	125	1
nhói	124	7
nán	124	10
nép	124	13
phơ	124	8
réo	124	9
xun	124	5
ía	124	2
đác	124	16
chêm	123	3
chùn	123	8
giếm	123	9
goá	123	14
gôm	123	16
khin	123	4
ngượng	123	5
thoắt	123	10
nhim	122	5
nhặn	122	12
nít	122	6
pả	122	2
sạ	122	12
vằng	122	9
điến	122	11
deo	121	5
dô	121	13
dằng	121	16
mền	121	6
nhoi	121	17
rúc	121	6
truông	121	9
diết	120	10
giũ	120	7
háu	120	3
ngoảnh	120	6
sượt	120	2
vịn	120	5
vọ	120	1
dìa	119	0
thiu	119	3
vim	119	8
xuẩn	119	14
bập	118	7
chồm	118	10
chực	118	6
giắc	118	6
kiềng	118	11
lọn	118	2
rợp	118	11
cức	117	8
cứt	117	5
giòng	117	11
gáp	117	13
hủa	117	10
púng	117	0
thèn	117	5
trắm	117	9
đét	117	5
ợ	117	13
chiếng	116	21
goi	116	7
quạnh	116	9
thóp	116	14
toong	116	7
đòng	116	2
hùa	115	9
khập	115	9
riệp	115	5
tét	115	16
cộm	114	7
liễm	114	2
nãy	114	4
nải	114	14
păng	114	12
rôn	114	8
triễn	114	2
xan	114	5
bòng	113	11
cuồn	113	8
miết	113	11
mẫm	113	3
nọi	113	2
đàu	113	7
ượng	113	0
chành	112	5
giáy	112	33
luẩn	112	11
lứt	112	4
ngáo	112	1
nhe	112	4
nâm	112	13
rắp	112	8
rị	112	1
vao	112	4
ngỗ	111	7
quèn	111	6
vờn	111	16
đằm	111	9
giùm	110	5
huý	110	15
khiễng	110	9
phùn	110	16
thỉ	110	9
vấu	110	2
vấy	110	6
đận	110	12
bường	109	4
bẹn	109	4
dèm	109	9
lịnh	109	10
phăn	109	10
riêu	109	15
rưng	109	6
thứa	109	1
tược	109	14
nhíp	108	9
quéo	108	2
rỉa	108	9
thuồng	107	4
đung	107	6
cứa	106	0
gàu	106	6
hoè	106	6
khua	106	5
khạc	106	7
lềnh	106	9
ngoạm	106	7
ngút	106	15
ngổn	106	17
phên	106	16
vức	106	10
xốc	106	13
ảng	106	8
cở	105	0
loong	105	3
loáng	105	4
muy	105	1
ngươn	105	7
ngạ	105	28
riu	105	3
rám	105	7
sẩn	105	15
thày	105	11
thừ	105	5
trọi	105	11
bợm	104	3
dỗi	104	6
gộc	104	9
nhiêm	104	3
nhòe	104	11
chứt	103	51
coe	103	1
goong	103	4
khoeo	103	0
khứa	103	7
nhúm	103	4
pun	103	1
thảng	103	7
việp	103	9
diu	102	4
nệ	102	13
tóe	102	3
ớn	102	7
khẽ	101	10
mạy	101	2
mủn	101	1
ngác	101	7
quẳng	101	6
soa	101	9
tếch	101	5
bộn	100	4
choong	100	0
chổng	100	1
dạm	100	13
gồng	100	12
nõn	100	13
xép	100	6
dẫy	99	8
gãi	99	6
hực	99	10
miều	99	5
thết	99	11
tuya	99	9
vểnh	99	10
ạ	99	6
bớp	98	3
día	98	4
gạ	98	4
khò	98	7
moai	98	36
mung	98	2
phầm	98	2
quẹo	98	4
trịa	98	6
ùa	98	5
gạn	97	16
lẩm	97	5
mảy	97	13
tắn	97	8
xai	97	5
đon	97	3
chúi	96	10
diến	96	7
liếc	96	8
láu	96	7
nhiện	96	3
rục	96	23
tuỵ	96	14
gua	95	4
hoắt	95	4
pán	95	1
tiêng	95	11
trủng	95	7
bặm	94	6
chòng	94	1
dụm	94	2
huýnh	94	5
pum	94	1
veo	94	7
vích	94	12
xõa	94	6
ỉa	94	6
chổ	93	11
cửi	93	18
loẹt	93	10
lía	93	5
lịm	93	3
ngấn	93	4
trảu	93	4
trớn	93	10
đia	93	1
ại	93	17
bem	92	2
chạ	92	12
gie	92	3
lìm	92	4
sụ	92	3
thàn	92	1
thé	92	10
thủa	92	10
trử	92	3
đơm	92	5
ếm	92	8
cạc	91	30
dắc	91	5
ghiếc	91	5
giậu	91	16
gung	91	3
huya	91	0
lỉnh	91	6
trề	91	6
táu	91	6
tắp	91	10
tụi	91	2
xoạc	91	4
bằm	90	2
bự	90	2
khui	90	1
lé	90	3
lém	90	9
ngật	90	10
nhàu	90	7
quánh	90	10
thót	90	10
trĩu	90	1
xuể	90	2
xường	90	7
ắng	90	8
cóp	89	9
cùa	89	2
dau	89	3
giát	89	3
hởi	89	5
khộp	89	3
péo	89	29
thẩn	89	6
uể	89	7
dẩn	88	3
kít	88	9
lè	88	5
lủi	88	4
niềng	88	2
nễ	88	13
vuột	88	5
xược	88	4
ì	88	7
đọt	88	3
chèm	87	6
gié	87	3
gàn	87	2
gẩy	87	29
kiếng	87	8
lợt	87	0
nhùn	87	5
núc	87	3
phũ	87	6
phưởng	87	4
rọ	87	9
đẫn	87	6
ẳng	87	1
giô	86	5
giắt	86	3
khoi	86	7
loay	86	8
nhiếc	86	10
nhẩm	86	5
oẳn	86	3
phỗng	86	3
quằn	86	3
rúng	86	7
truyên	86	3
trản	86	4
xém	86	3
ược	86	5
khuâng	85	6
khè	85	7
muỗm	85	2
ngốn	85	7
noe	85	3
rỏi	85	7
tóp	85	2
đùm	85	4
đư	85	7
gùi	84	12
hoay	84	8
hên	84	3
mem	84	1
ngù	84	5
nếnh	84	4
nốc	84	1
phún	84	5
rày	84	6
rệu	84	17
cạ	83	0
hão	83	13
muốt	83	4
ngườm	83	7
nhếch	83	8
qué	83	4
òa	83	5
ặc	83	1
loai	82	3
quại	82	3
tuếch	82	8
ường	82	7
bặt	81	5
bịu	81	6
bứu	81	0
diểu	81	15
kháo	81	2
luyên	81	4
ngấu	81	9
poo	81	1
pui	81	0
trùy	81	5
tồng	81	16
vâu	81	0
bươu	80	0
dũa	80	10
ghìm	80	5
luýt	80	5
mẩy	80	5
séo	80	0
thào	80	7
trược	80	11
tạnh	80	10
đoá	80	5
đểu	80	5
bổi	79	12
ghè	79	11
giặm	79	2
hùn	79	8
lâng	79	11
nhích	79	4
nhũn	79	4
só	79	4
vẻn	79	6
vởi	79	2
béc	78	4
bấu	78	2
lắt	78	4
lừ	78	4
miểu	78	2
mói	78	6
ngoạc	78	1
nhặng	78	10
niếp	78	2
săm	78	4
sất	78	1
truyến	78	5
trấp	78	10
chéng	77	1
chõng	77	0
lỏm	77	3
thôm	77	1
truyển	77	5
xơi	77	6
đin	77	27
bâu	76	4
bịnh	76	10
dăng	76	7
liếng	76	4
moong	76	11
ngum	76	17
ný	76	0
pê	76	11
rôm	76	2
thoan	76	3
xúm	76	4
ẻo	76	5
còm	75	1
hóp	75	1
phới	75	8
thõng	75	8
thạp	75	6
trửu	75	6
lếch	74	1
ngoáy	74	3
nguệch	74	1
rảo	74	6
tậu	74	4
vảng	74	4
yểng	74	1
cỡi	73	3
gẫy	73	0
hợm	73	4
kếch	73	7
lợm	73	1
mớm	73	6
nhày	73	2
nhảnh	73	2
noen	73	0
phào	73	3
pài	73	3
trim	73	5
vẹm	73	7
xum	73	6
đển	73	0
khảng	72	3
làu	72	2
lét	72	5
moan	72	5
nghèn	72	17
qúy	72	4
rứt	72	3
sại	72	0
trét	72	8
vục	72	7
ươn	72	7
dui	71	1
dơn	71	2
gim	71	1
khạo	71	5
lúi	71	4
mún	71	11
nhụt	71	8
phỏm	71	0
phốc	71	0
pết	71	0
quết	71	10
róc	71	11
săng	71	5
lải	70	12
ngụm	70	8
nụy	70	4
rén	70	13
rế	70	2
sừ	70	5
triêng	70	6
trôn	70	11
tằn	70	2
xị	70	0
bươm	69	4
choạc	69	0
khoải	69	7
nháo	69	2
oái	69	3
sạm	69	5
sạo	69	3
ăm	69	2
bư	68	3
bạnh	68	2
gát	68	4
loỏng	68	1
trèn	68	1
ừ	68	4
bắng	67	6
chẽn	67	4
dả	67	2
lững	67	4
nhúc	67	3
náy	67	10
phẩn	67	6
phủi	67	8
quắp	67	4
thiềng	67	2
thênh	67	10
vên	67	5
xoè	67	10
xuýt	67	5
xồm	67	0
đén	67	2
mằng	66	0
mợ	66	1
nhậy	66	11
phỉnh	66	5
roan	66	0
sé	66	0
ém	66	5
boe	65	2
dích	65	3
dộng	65	6
hĩ	65	10
lảnh	65	6
lẩy	65	2
măm	65	15
neng	65	2
rĩ	65	4
thẻn	65	16
trẩu	65	8
trẹm	65	3
trệch	65	7
viu	65	1
vèo	65	3
xấc	65	3
đoòng	65	8
duối	64	4
dánh	64	2
dé	64	2
dùm	64	5
ghém	64	4
kẹ	64	0
luỵ	64	6
móm	64	2
nuốc	64	3
rốm	64	9
đáu	64	2
coong	63	8
khổn	63	1
rắt	63	9
théo	63	0
vền	63	2
diếm	62	8
doa	62	0
dộc	62	2
giựt	62	1
gột	62	3
gừa	62	2
kháp	62	4
kên	62	2
nhăm	62	10
quynh	62	2
quài	62	2
sền	62	3
trũi	62	0
trạy	62	0
xổng	62	2
đưng	62	1
bẳng	61	1
bụp	61	2
choạng	61	0
chề	61	5
chửu	61	11
duân	61	1
dìn	61	3
dòn	61	8
dồng	61	3
mệ	61	4
ngưới	61	7
pheo	61	2
phài	61	0
phượt	61	0
phặc	61	0
poi	61	4
pồ	61	3
sồ	61	4
trốc	61	4
xam	61	0
ây	61	10
biễu	60	1
choa	60	0
cháng	60	2
chẹo	60	2
lấu	60	2
ngáng	60	9
nhùng	60	7
thướng	60	4
vầu	60	2
vọp	60	2
xôm	60	0
úm	60	3
bỡn	59	8
chuế	59	5
hớp	59	3
khoen	59	2
nghệch	59	0
nhẽ	59	5
phổng	59	1
pía	59	5
suê	59	6
sực	59	4
thỏm	59	2
tỏng	59	0
vẳng	59	6
vừ	59	0
ời	59	6
coóc	58	7
giếc	58	0
lỏn	58	2
mum	58	2
quặn	58	6
thoe	58	1
tria	58	0
trồ	58	5
viềng	58	9
đớt	58	8
chóe	57	7
giôn	57	0
lẵng	57	9
lụng	57	8
mội	57	3
ngáp	57	1
nồm	57	11
phớ	57	32
poong	57	4
thổn	57	3
tẩn	57	3
bõ	56	3
bủng	56	4
dớn	56	1
dửng	56	5
hỳ	56	0
loạng	56	1
nghịu	56	1
ngưởng	56	4
néo	56	2
quẫy	56	3
sọt	56	2
thuổng	56	3
thè	56	3
thọt	56	3
tréo	56	7
trẩy	56	6
viển	56	3
áy	56	6
đoạ	56	10
bấn	55	4
cón	55	4
dòi	55	3
giéc	55	4
gôi	55	9
loanh	55	5
lói	55	7
lể	55	5
mấp	55	6
pung	55	0
quỷnh	55	0
rạm	55	0
thín	55	5
tiểng	55	14
đãn	55	3
chờn	54	9
cuổi	54	0
gion	54	7
goe	54	1
gỏng	54	1
nghễ	54	9
phập	54	2
phờ	54	5
suý	54	8
tắng	54	3
vam	54	7
vau	54	3
voan	54	0
vói	54	4
xút	54	5
xẹt	54	2
xửng	54	3
ét	54	1
chẩu	53	1
chợp	53	5
diển	53	1
dá	53	1
giót	53	13
khoàng	53	2
khén	53	1
kiu	53	2
ngoã	53	9
ngoạ	53	9
nhuốc	53	3
náng	53	0
rù	53	4
thóa	53	6
trui	53	3
tìa	53	0
vù	53	1
xạo	53	2
đót	53	5
đật	53	4
bíp	52	8
cọn	52	3
dình	52	2
dóng	52	7
dể	52	3
dổi	52	4
giậm	52	2
hổn	52	3
lẹt	52	0
mũm	52	2
phuy	52	4
pua	52	0
soay	52	1
thổng	52	8
toét	52	2
ã	52	2
ỏ	52	3
ới	52	5
buột	51	3
bương	51	1
chượp	51	23
dợt	51	2
gẫu	51	4
hèo	51	2
lớ	51	1
miêng	51	2
mín	51	5
mĩm	51	2
nật	51	1
pốt	51	2
sún	51	1
trới	51	1
trụng	51	7
đưới	51	7
ủa	51	4
bườn	50	1
bốp	50	0
cạy	50	1
dũi	50	2
dười	50	3
dảnh	50	0
dọ	50	18
dộ	50	3
muôi	50	3
mưng	50	3
mỷ	50	3
nhẹt	50	2
nèo	50	1
phéc	50	4
pé	50	7
quắt	50	5
rứa	50	1
soong	50	4
sấn	50	2
sẩm	50	1
thiệm	50	0
xò	50	3
đẵng	50	0
ớ	50	1
chườm	49	2
chạnh	49	6
cờn	49	4
liến	49	2
lêu	49	2
lín	49	0
lếu	49	2
nưng	49	5
nược	49	0
nằng	49	2
oằn	49	1
siêm	49	1
thó	49	2
trơi	49	2
trất	49	2
tửng	49	2
véo	49	3
xon	49	5
xáp	49	5
xùa	49	6
đeng	49	5
đỏng	49	0
ưỡn	49	2
ổng	49	5
cớm	48	1
giạt	48	6
goòng	48	6
khùa	48	7
khắng	48	1
mén	48	4
ngẩm	48	0
niễng	48	1
nác	48	2
oăm	48	2
pem	48	3
pằn	48	0
sù	48	5
sậu	48	2
thuộm	48	3
tràu	48	1
vể	48	2
xoàng	48	3
đũi	48	2
đẹt	48	8
chõ	47	7
càu	47	4
hoạc	47	3
nhao	47	3
nhin	47	1
pàng	47	1
rùm	47	4
rượi	47	5
thụng	47	2
toanh	47	1
toánh	47	0
tọ	47	1
xuý	47	16
xụp	47	5
ò	47	5
ễnh	47	0
bậu	46	3
bỡ	46	3
dọi	46	3
hiết	46	4
huênh	46	4
khoo	46	1
khà	46	2
luộm	46	3
mủi	46	2
nghia	46	1
ngoong	46	0
nhiệp	46	3
nhoài	46	4
páo	46	3
xiu	46	2
xoi	46	9
chẹt	45	10
cúa	45	3
củm	45	0
hẵng	45	1
hển	45	3
kẻng	45	2
lốn	45	7
mý	45	0
mẹt	45	1
nhẹm	45	1
pì	45	1
pút	45	6
pố	45	7
suyu	45	3
sờn	45	10
thẫn	45	5
truỵ	45	5
đúm	45	4
chảnh	44	0
giãy	44	2
khướt	44	3
khựng	44	1
nghể	44	0
niệc	44	2
nừng	44	0
phảm	44	1
phến	44	2
reng	44	0
sũng	44	1
sịp	44	2
đủi	44	1
ộc	44	4
boòng	43	1
bễ	43	5
bộp	43	1
chạo	43	4
chẽm	43	0
gơ	43	4
huyn	43	0
hửng	43	2
liện	43	2
lống	43	0
noem	43	0
nơm	43	5
phủng	43	6
pẩu	43	0
ròn	43	2
rẻo	43	4
sạng	43	0
tiu	43	1
tré	43	1
tưa	43	3
đượng	43	2
bủn	42	3
chuân	42	1
cấc	42	1
dóc	42	0
khuỵu	42	2
liềng	42	5
ngua	42	0
nhù	42	2
nhạnh	42	4
nãng	42	0
núa	42	0
phơn	42	8
phấp	42	5
pông	42	2
pạ	42	10
pồn	42	0
quệt	42	8
ruỗng	42	3
rắng	42	1
rỏ	42	4
sổng	42	0
thẹo	42	7
tém	42	1
tìn	42	3
váo	42	1
điễn	42	1
đễn	42	1
đỏa	42	2
ười	42	5
báy	41	1
chy	41	0
diếc	41	2
dướng	41	2
giập	41	2
gằn	41	5
hoát	41	9
hính	41	2
ngọng	41	3
ngụp	41	3
rảy	41	7
thướt	41	7
vãnh	41	4
vợi	41	3
xư	41	2
xập	41	0
ài	41	5
đỗng	41	3
ứa	41	3
bệt	40	1
dách	40	1
dáy	40	5
dú	40	0
dứng	40	2
giụa	40	1
gày	40	1
gốt	40	6
hẩm	40	2
hậm	40	7
khốt	40	1
lũm	40	2
mên	40	5
mót	40	2
mươn	40	0
ngõng	40	5
nhem	40	4
nàm	40	1
phuộc	40	2
phy	40	6
rích	40	5
rụm	40	1
sã	40	8
thía	40	5
truồi	40	2
trỗ	40	1
tón	40	0
đui	40	5
bươn	39	2
chuỳ	39	3
cụng	39	7
dất	39	1
hoai	39	0
khấm	39	3
liếp	39	6
nhuỵ	39	0
nhìu	39	1
nư	39	2
súa	39	1
sằng	39	2
sộp	39	1
thuyến	39	0
thạt	39	1
xàng	39	1
đuổm	39	3
đủng	39	2
bỏi	38	5
doem	38	0
giạng	38	0
guột	38	0
húp	38	3
hỗng	38	0
lúm	38	4
lẹng	38	0
nhẫm	38	3
nhệch	38	2
nọt	38	8
quĩ	38	2
quắm	38	0
riềm	38	1
róm	38	0
sướt	38	2
triếp	38	1
vường	38	0
bỉu	37	5
cốn	37	0
díp	37	8
dước	37	1
giói	37	1
giẹp	37	0
giổi	37	5
háp	37	2
hục	37	2
khim	37	1
lườm	37	0
nhó	37	4
nhỡn	37	6
náp	37	0
suồng	37	8
tuyện	37	2
tăn	37	2
bôm	36	1
chuôn	36	0
chão	36	2
chờm	36	1
dáu	36	1
dôn	36	2
hiệm	36	4
hèm	36	6
khúm	36	3
khịt	36	4
lụn	36	4
lữa	36	1
móp	36	7
ngưởi	36	2
nọn	36	0
peo	36	1
quin	36	0
rài	36	1
rón	36	2
xeo	36	7
ạch	36	1
buỗi	35	3
bĩnh	35	1
choai	35	4
chĩnh	35	1
dạc	35	2
gặng	35	2
hoong	35	0
huồi	35	0
khoong	35	0
khoé	35	4
lưa	35	3
lảo	35	6
muồn	35	0
muổi	35	4
nũng	35	1
piềng	35	0
pàn	35	0
pích	35	1
riệu	35	12
ruối	35	1
rướn	35	1
thoang	35	3
thịch	35	0
tiệu	35	1
triểu	35	4
trẽn	35	1
trự	35	1
tén	35	0
tồ	35	5
vảo	35	1
xàm	35	4
xộc	35	1
đếu	35	1
bùm	34	1
bẵng	34	1
duồng	34	1
gòi	34	0
gười	34	3
huồng	34	0
hẩu	34	1
khỉnh	34	8
loé	34	7
lôm	34	2
lảm	34	1
lằng	34	1
lế	34	2
lủa	34	2
mằn	34	4
ngộp	34	4
nhon	34	2
oắc	34	1
pát	34	0
pếch	34	1
quam	34	3
quoi	34	0
quơ	34	3
thoàn	34	2
tuýt	34	0
tếu	34	1
tụm	34	3
vùa	34	1
xuê	34	4
xạc	34	3
xếch	34	1
ót	34	1
ản	34	0
ỳ	34	2
bộng	33	4
bựa	33	2
chiếp	33	3
chũng	33	1
chến	33	0
cọt	33	1
ghiền	33	1
hiêng	33	3
hớ	33	6
khoèo	33	2
loà	33	2
loã	33	7
lẹo	33	2
moen	33	0
nghì	33	3
nhố	33	1
nhớp	33	3
nánh	33	2
ních	33	4
phé	33	0
phầy	33	4
piu	33	3
péc	33	12
queo	33	0
rặn	33	1
rịch	33	3
sượng	33	2
sẻn	33	7
trài	33	2
tươm	33	1
xòa	33	3
xầm	33	7
ị	33	1
ỹ	33	5
chểnh	32	4
cắc	32	8
dót	32	0
khã	32	1
khù	32	4
khắn	32	3
khủa	32	0
lìn	32	1
nghỉm	32	0
nguậy	32	1
nhuy	32	0
noé	32	0
nèn	32	0
nơn	32	2
nớ	32	1
phôn	32	0
pạc	32	6
pải	32	0
quấc	32	2
ríu	32	6
thên	32	0
thưng	32	6
triên	32	2
tọc	32	1
viến	32	2
vố	32	5
vự	32	1
xừ	32	3
đợ	32	2
ộp	32	1
biu	31	1
buối	31	2
bĩ	31	5
bệch	31	2
giái	31	1
gióp	31	3
khiu	31	4
khọt	31	21
lũa	31	0
lử	31	1
nhón	31	1
nhôn	31	1
nhự	31	6
niện	31	0
nống	31	5
pục	31	0
roàng	31	6
rờn	31	8
sẳn	31	0
thỗ	31	1
tọt	31	0
vòa	31	1
xẫm	31	0
xụ	31	0
đẻn	31	0
ướm	31	2
ồng	31	5
chọt	30	2
cão	30	1
cọi	30	3
dủ	30	0
híp	30	3
kheng	30	0
kháu	30	6
khấc	30	1
khổi	30	2
kịt	30	3
loàn	30	1
lìu	30	1
lẹp	30	1
ngắc	30	2
nhều	30	2
nhốn	30	2
niêng	30	0
noọng	30	1
nẩm	30	1
quỵt	30	3
sằn	30	5
trẹo	30	1
tưu	30	2
ọp	30	1
cuôn	29	0
cõ	29	2
dúm	29	5
dắng	29	0
dồ	29	2
giấp	29	16
hây	29	2
hừa	29	0
khấp	29	5
liếu	29	0
luốc	29	7
láp	29	0
lồm	29	0
mèm	29	2
ngoe	29	1
nhiếm	29	2
nhoà	29	3
nhõng	29	1
nẳng	29	0
quyn	29	1
roong	29	1
rói	29	3
rạo	29	3
rều	29	2
trun	29	0
trốt	29	1
trổng	29	3
tễu	29	0
xiểm	29	1
xuông	29	1
xím	29	0
ình	29	2
đân	29	2
ầu	29	3
ẹp	29	1
ột	29	0
bẳn	28	0
cưởm	28	0
guôi	28	0
hăn	28	0
hện	28	0
lích	28	1
mấn	28	0
mế	28	5
ngoà	28	0
ngoắt	28	1
ngàu	28	0
nủ	28	0
phướng	28	2
sáy	28	0
sới	28	0
thoòng	28	1
trĩnh	28	5
trợt	28	1
vưởng	28	2
xèng	28	0
xảm	28	5
xẩu	28	1
xịn	28	0
đấp	28	3
bý	27	0
bẽo	27	2
chã	27	2
chầy	27	5
chồ	27	3
cại	27	1
cảu	27	1
cởn	27	0
cỡm	27	4
gioăng	27	5
giùi	27	0
giền	27	5
gậm	27	0
hắng	27	1
hế	27	6
hể	27	1
iên	27	0
khẹt	27	1
khểnh	27	1
lất	27	2
ngồn	27	0
nhay	27	0
nhiền	27	2
nhẩy	27	2
nẫu	27	2
nị	27	3
oàn	27	4
pheng	27	2
pão	27	0
rả	27	1
rịn	27	3
rởm	27	2
thúi	27	1
triệp	27	0
tuối	27	1
tênh	27	1
tóng	27	1
tõm	27	2
tút	27	2
xuấn	27	2
xên	27	4
xằng	27	4
đìu	27	1
ạnh	27	0
ậu	27	0
càm	26	1
cũn	26	1
gữa	26	4
huội	26	0
khoáy	26	1
miệu	26	2
nghéo	26	0
nhiểu	26	2
nhom	26	1
nhong	26	2
nhền	26	1
nhụa	26	1
nhứ	26	2
nẹt	26	0
piêu	26	0
pứa	26	0
roam	26	0
rừ	26	0
siên	26	0
soóc	26	6
sầy	26	1
sết	26	0
sệ	26	1
thủi	26	4
trạnh	26	3
tuynh	26	0
vạy	26	2
xuề	26	1
xẩy	26	5
ún	26	0
điệm	26	1
đâng	26	3
đú	26	1
đỏi	26	1
bép	25	2
chạn	25	1
coan	25	0
coóng	25	1
cặm	25	5
dẹ	25	1
dử	25	1
ghênh	25	3
giầu	25	3
gâu	25	2
hì	25	0
hó	25	4
hẻ	25	0
iện	25	0
khú	25	3
khủy	25	2
lòn	25	4
mính	25	0
mơi	25	2
ngoắc	25	4
nguốn	25	0
nầm	25	1
phau	25	1
phời	25	0
púa	25	3
păm	25	0
quóc	25	1
rão	25	3
róng	25	0
sây	25	0
thá	25	2
toác	25	0
trổi	25	3
tẹt	25	4
vẳn	25	0
vặc	25	3
vọc	25	2
xĩ	25	0
đẵn	25	3
đựa	25	1
ồm	25	0
chệ	24	0
dão	24	2
ghẽ	24	6
gí	24	0
gằng	24	2
khòa	24	3
khị	24	0
khời	24	1
lủ	24	2
mầy	24	1
mẵn	24	0
ngấp	24	4
nhản	24	3
nạy	24	2
phoi	24	0
pịa	24	1
rúa	24	2
rúm	24	1
sẵng	24	2
thóng	24	1
toòng	24	1
vủa	24	0
àn	24	0
éc	24	1
đíp	24	0
đừ	24	3
ẹo	24	1
ộ	24	2
choẹ	23	0
chuya	23	1
chây	23	1
chía	23	0
chặp	23	5
chổm	23	0
cụi	23	5
duyễn	23	0
dút	23	0
dỏng	23	0
giài	23	1
giàm	23	2
giớ	23	1
khảy	23	1
khồng	23	3
lẹm	23	1
lẽn	23	1
lụ	23	2
lụp	23	3
mịnh	23	0
mởi	23	3
ngận	23	2
nhợ	23	1
nè	23	0
nằn	23	1
puông	23	5
rần	23	0
rớm	23	0
soạng	23	0
thoong	23	5
thởi	23	1
táy	23	2
tạn	23	1
tậm	23	1
tễnh	23	2
vỵ	23	0
xiểng	23	1
xình	23	3
xự	23	1
đém	23	3
địu	23	4
ướng	23	1
búc	22	1
bẩu	22	2
bứng	22	1
chếc	22	0
chủa	22	1
dụi	22	2
gía	22	1
gống	22	0
hiều	22	1
huần	22	0
húi	22	4
hơm	22	0
khoài	22	0
khôm	22	0
luổng	22	6
măn	22	2
mởn	22	1
mụt	22	1
mứa	22	2
nghía	22	1
ngoạt	22	0
ngũi	22	0
nhiếu	22	0
nhần	22	0
nõ	22	2
nều	22	1
nọng	22	0
nố	22	0
phắt	22	3
quơn	22	0
sũ	22	3
sụng	22	1
xoe	22	2
xéc	22	6
ùng	22	2
đễnh	22	2
ến	22	2
ộng	22	0
biêu	21	0
bẹo	21	1
bẽn	21	1
bửa	21	7
choé	21	10
chễm	21	0
dằm	21	3
dựt	21	2
gioi	21	1
hênh	21	2
hỏm	21	8
khuể	21	1
khầu	21	1
kều	21	0
lổng	21	1
mím	21	0
nghịt	21	3
ngão	21	0
nhíu	21	3
nhạp	21	0
nịu	21	3
nộc	21	0
phiều	21	1
quem	21	2
rún	21	1
sép	21	0
sẳng	21	0
sỉnh	21	0
sịa	21	0
thấn	21	0
tró	21	5
tịa	21	1
tỗn	21	0
từa	21	2
vẩu	21	2
xoán	21	0
xổi	21	4
đé	21	0
ệ	21	2
ỉn	21	0
buya	20	0
chuỷ	20	5
chảng	20	0
chẳn	20	1
chọng	20	0
chố	20	0
doạn	20	2
dụp	20	0
guộc	20	3
gấn	20	3
hoái	20	0
hảm	20	0
hản	20	0
iều	20	1
khênh	20	0
khẩm	20	2
ngau	20	2
nghệp	20	1
ngoằng	20	0
ngòn	20	3
ngối	20	1
nhiềm	20	3
nhèm	20	5
niễn	20	0
pháng	20	0
phét	20	3
pét	20	4
păn	20	1
pọng	20	3
quia	20	2
siểm	20	1
sêu	20	8
sặp	20	0
thoản	20	0
thút	20	0
thụp	20	0
tiềng	20	1
trủy	20	3
tạu	20	0
tến	20	2
vệc	20	1
vởn	20	0
xía	20	0
àm	20	2
đơi	20	0
đợn	20	2
ể	20	2
ỉm	20	5
ịnh	20	6
choãi	19	1
chíu	19	0
chặc	19	0
chẹ	19	0
chẹng	19	2
chỏng	19	4
chớn	19	4
dảo	19	0
dẹo	19	0
khy	19	2
khòn	19	0
khảu	19	1
khẹc	19	0
kẹn	19	0
lón	19	1
lỹ	19	0
mưới	19	1
mếch	19	1
mọ	19	3
ngong	19	0
nguộn	19	1
ngẩu	19	0
ngủn	19	1
nhãi	19	2
nhóng	19	1
nhảu	19	2
nuỗng	19	0
nẳm	19	0
nẹ	19	0
nốp	19	0
nớp	19	3
quạn	19	2
quặm	19	6
riêm	19	3
rẳng	19	2
soan	19	1
soạt	19	0
són	19	4
thấng	19	1
trính	19	0
tóa	19	2
tầy	19	2
tợ	19	0
vày	19	6
vùn	19	0
vốc	19	1
xĩnh	19	2
xơn	19	1
điếng	19	1
ơm	19	0
ừng	19	0
bàm	18	1
choọng	18	0
dàu	18	2
dịa	18	1
gường	18	2
hoanh	18	2
hày	18	0
hướm	18	0
hần	18	0
hẵn	18	0
khạng	18	1
khịa	18	0
kễnh	18	2
lịa	18	0
lổn	18	1
lởn	18	0
miểng	18	0
méc	18	1
múp	18	0
mết	18	0
mếu	18	1
ngãng	18	0
ngặn	18	0
ngội	18	1
ngữa	18	1
nhột	18	0
nhời	18	0
nuột	18	1
nò	18	0
nấn	18	2
nựng	18	1
phám	18	0
puồng	18	1
pẻn	18	0
qủy	18	1
riễn	18	0
ruê	18	0
rạt	18	1
rặt	18	1
rổng	18	0
sùa	18	0
sịt	18	0
thoăn	18	0
thíp	18	0
thại	18	2
trêm	18	2
têu	18	3
tơm	18	1
tơn	18	2
tưởi	18	2
tấng	18	3
tẹo	18	1
tộp	18	1
vem	18	1
voo	18	0
xệch	18	1
âng	18	4
ạo	18	0
ục	18	0
ụp	18	0
biêng	17	0
bưa	17	0
chới	17	2
dáo	17	1
dố	17	0
dức	17	0
giay	17	1
giư	17	6
giảnh	17	0
húa	17	0
hườn	17	2
hật	17	0
hữ	17	0
khạp	17	1
khến	17	0
khỏ	17	0
khụ	17	0
liểng	17	1
lện	17	1
mản	17	2
mẳn	17	1
mờm	17	0
nghẹ	17	2
ngám	17	0
ngòm	17	1
ngồng	17	1
nhắng	17	1
nhội	17	0
niệt	17	0
oóc	17	2
phảy	17	1
pái	17	0
quành	17	4
quẵng	17	0
suyển	17	4
sè	17	4
sởn	17	1
tháu	17	1
trạn	17	1
trố	17	0
tíu	17	2
xau	17	0
xom	17	1
xoàn	17	0
íp	17	0
đươi	17	0
đấn	17	2
ẽ	17	0
bõm	16	2
bụ	16	2
choòng	16	0
chô	16	0
chúp	16	1
chẳm	16	1
diền	16	2
dên	16	0
dĩn	16	0
dềnh	16	0
dịnh	16	1
dụa	16	0
giy	16	0
gièng	16	0
gọ	16	1
họi	16	0
hỏn	16	1
hụi	16	1
khân	16	1
khẹo	16	0
khệnh	16	0
léc	16	0
lẳn	16	0
lờn	16	1
máo	16	2
mèng	16	1
nguộc	16	0
ngưa	16	0
ngộn	16	0
nhớn	16	1
nhởn	16	1
nây	16	0
níp	16	0
nẫng	16	4
phìa	16	1
phòn	16	0
phược	16	0
phổn	16	0
riếu	16	0
roòng	16	2
ríp	16	1
rớ	16	1
rủn	16	1
sột	16	0
tháy	16	1
thộc	16	0
thững	16	0
toáng	16	1
triến	16	2
trươi	16	4
trỉ	16	1
tỉn	16	1
tộng	16	2
xoã	16	2
xuyền	16	0
xêm	16	0
xắp	16	1
xống	16	3
xờm	16	0
điêm	16	0
địt	16	2
đồm	16	0
ề	16	0
ọc	16	1
bía	15	4
chiển	15	2
choại	15	2
choảng	15	1
chuồi	15	3
chẻm	15	1
cuỗm	15	0
cời	15	0
cỡn	15	1
diếu	15	0
duyến	15	0
duốc	15	0
dóm	15	0
dúng	15	2
dỏ	15	1
dồm	15	0
dờ	15	3
dỹ	15	1
giồi	15	2
goan	15	0
gườm	15	0
gủi	15	1
hiêm	15	1
hảng	15	1
hẽm	15	1
khì	15	3
khằm	15	0
kệt	15	1
loè	15	2
lản	15	0
lằm	15	0
mém	15	0
ngụt	15	1
ngứ	15	0
nhiệu	15	0
nhâu	15	1
nậy	15	4
nắc	15	0
oang	15	0
oét	15	0
phoo	15	0
pháy	15	0
phèng	15	0
phấm	15	3
pùng	15	0
pảng	15	1
quạch	15	3
sém	15	2
sõi	15	1
súi	15	0
thoen	15	0
thuyển	15	0
thẻo	15	0
thờn	15	2
toóng	15	0
truốt	15	3
trằn	15	2
trộng	15	2
tuyn	15	0
tuôi	15	1
tựng	15	0
vèn	15	0
vẻo	15	1
xàu	15	1
xìu	15	0
xề	15	0
điu	15	0
đêu	15	1
đúa	15	0
đạng	15	0
chiệng	14	0
chắm	14	0
chể	14	1
chụt	14	3
chữu	14	2
cỏn	14	0
dẵng	14	1
giộp	14	1
gọp	14	1
hã	14	0
hía	14	1
hượng	14	1
hượu	14	2
hập	14	1
hừ	14	1
kiếu	14	0
lừu	14	0
lữu	14	1
moay	14	5
muổng	14	0
mãu	14	0
mển	14	3
mớp	14	0
mủa	14	0
mủng	14	1
ngoác	14	1
ngoải	14	0
nguôn	14	1
ngảo	14	0
niểu	14	1
phua	14	2
phuông	14	0
phăm	14	0
phỏ	14	1
phử	14	0
páp	14	2
púm	14	0
quì	14	1
quít	14	5
ría	14	1
rôi	14	0
rũa	14	1
rơn	14	1
rư	14	3
soem	14	0
sòm	14	1
sước	14	0
sẹ	14	0
sề	14	1
sỉn	14	2
toàng	14	0
trom	14	0
trô	14	0
trý	14	0
trũ	14	2
trằng	14	1
tuồi	14	0
túa	14	0
tếng	14	0
tực	14	0
uôn	14	0
vắp	14	0
xái	14	0
èo	14	0
õ	14	0
đì	14	2
đóc	14	3
đũng	14	1
đảy	14	0
đớ	14	1
ội	14	1
ử	14	0
ự	14	0
boem	13	0
buốc	13	0
bẫm	13	2
choóng	13	1
cũa	13	1
duôn	13	3
dác	13	2
dúa	13	0
dệu	13	0
dớt	13	0
giội	13	1
giữu	13	1
hoác	13	0
huých	13	0
huẩn	13	1
hặng	13	0
hẹt	13	0
khoỏng	13	0
khuỷa	13	0
khàng	13	1
khọ	13	0
khới	13	2
khừa	13	0
lền	13	1
lởi	13	1
mư	13	2
nghẽo	13	0
nguyển	13	0
nguồi	13	0
ngóe	13	0
ngùn	13	0
ngầy	13	1
ngằn	13	0
ngụa	13	0
ngững	13	1
nhiễn	13	0
nhoè	13	3
nhỏm	13	2
nuy	13	0
nính	13	0
nườm	13	2
nượp	13	2
oam	13	0
oài	13	0
phiu	13	1
phênh	13	1
phềnh	13	1
pỉnh	13	1
quác	13	0
quỉ	13	1
quị	13	1
ruỗi	13	3
ruộm	13	0
rốp	13	0
sôn	13	1
sơi	13	2
sật	13	0
sồng	13	0
sụm	13	1
sủn	13	0
thuẩn	13	2
toé	13	6
trẽ	13	0
tuê	13	10
téc	13	1
tòn	13	3
tẽ	13	2
tổi	13	0
uột	13	0
xậm	13	1
òn	13	0
đum	13	0
đướng	13	1
ệt	13	0
ịch	13	0
ọ	13	3
ỏm	13	0
biệu	12	1
bườm	12	0
bải	12	0
bằn	12	0
bỗ	12	0
chiểm	12	2
chám	12	0
chên	12	2
chìu	12	1
chún	12	1
chản	12	0
chếnh	12	0
chếu	12	0
chụ	12	2
cảy	12	0
cậm	12	0
cợn	12	0
củn	12	1
cừa	12	0
doen	12	2
dớp	12	0
dởm	12	1
giưa	12	0
giần	12	2
gó	12	0
gú	12	0
gấy	12	1
gồi	12	1
hoẳng	12	0
hạy	12	1
hỏ	12	0
hửu	12	1
hỹ	12	2
iêu	12	3
iếng	12	0
iểm	12	0
khiểu	12	0
khình	12	0
khều	12	1
kến	12	1
lọp	12	0
lổm	12	0
muây	12	0
mõi	12	0
mấm	12	0
ngoen	12	0
ngùa	12	0
ngảy	12	0
ngằm	12	1
ngổm	12	0
nhoe	12	0
nhình	12	0
nhướng	12	1
nhẩn	12	1
noao	12	0
noọc	12	1
nàu	12	0
nãm	12	0
nòn	12	0
nỏi	12	1
nững	12	0
phâm	12	0
phư	12	0
phồ	12	2
phực	12	0
pè	12	0
péng	12	0
pản	12	0
quẽ	12	0
quện	12	0
riệc	12	0
rạnh	12	0
rẽo	12	0
rọt	12	3
sãn	12	1
sìu	12	3
sỗ	12	0
theng	12	1
thẩy	12	0
trắn	12	0
tẳng	12	1
tếp	12	0
vư	12	1
vưng	12	0
xoàm	12	0
xãy	12	0
xìn	12	0
xậy	12	1
đải	12	0
đếch	12	1
ẹ	12	0
ền	12	0
ợt	12	1
bươi	11	0
bồm	11	0
cháp	11	0
chụi	11	1
coọc	11	0
cuy	11	0
cạu	11	0
cẫng	11	0
doong	11	0
dím	11	0
dợn	11	0
ghệ	11	1
giầm	11	3
giứ	11	1
gùa	11	1
hịa	11	0
khiểm	11	0
khiện	11	1
khuốc	11	2
khúng	11	0
khọn	11	0
kiễng	11	0
loá	11	2
loăng	11	1
lòm	11	2
lước	11	1
lỡm	11	2
mổi	11	2
ngặc	11	0
nhên	11	0
nhắp	11	7
nhủng	11	3
niếu	11	1
niền	11	2
nân	11	1
nũ	11	0
nũi	11	0
nường	11	1
oen	11	0
oà	11	1
phít	11	1
phóa	11	1
phạc	11	1
phẻ	11	1
phểu	11	0
phống	11	0
píp	11	1
pắng	11	1
qun	11	0
quạc	11	0
quạng	11	0
quố	11	0
qúa	11	0
rặc	11	0
rổi	11	0
rở	11	0
soọng	11	2
sẩu	11	1
sị	11	0
sọa	11	0
sớt	11	1
sữ	11	0
thuông	11	0
thõa	11	1
thườn	11	0
thẩu	11	2
thếch	11	1
trảy	11	1
trến	11	1
trều	11	0
tuổng	11	0
tủm	11	0
tủn	11	1
uộc	11	1
vình	11	1
vằm	11	0
vồi	11	0
vỡi	11	0
xẹo	11	1
xẻn	11	0
xết	11	0
xủ	11	0
àng	11	2
ành	11	0
đoỏng	11	0
đôm	11	0
đưỡng	11	0
ẻn	11	0
ốn	11	1
ởn	11	0
ỡ	11	0
bãy	10	1
bòi	10	1
bịn	10	2
bụm	10	0
chóa	10	2
chôi	10	0
chảu	10	0
chệt	10	1
coọng	10	0
cóm	10	0
cộn	10	0
duôi	10	3
dãnh	10	0
dèng	10	0
déc	10	2
dươi	10	2
dảm	10	0
dọng	10	1
dờn	10	2
giung	10	0
giạn	10	1
giự	10	1
gị	10	1
gố	10	0
gới	10	1
hiềng	10	0
hoam	10	0
hoắm	10	2
huyển	10	0
huồn	10	2
hêng	10	0
hằm	10	0
hị	10	0
hợ	10	0
hợn	10	0
iến	10	0
khiền	10	4
khoòng	10	2
khuỷ	10	0
khưa	10	0
khắm	10	0
khụy	10	0
luya	10	1
lưởng	10	1
lựng	10	0
mám	10	0
mẩm	10	0
nghét	10	1
nghệm	10	1
ngoéo	10	0
nguẩy	10	1
ngẫn	10	0
ngủm	10	0
nhiểm	10	0
nhoóng	10	0
nhuân	10	1
nhít	10	1
nhò	10	2
nhộm	10	0
nhủi	10	1
nuê	10	0
nèm	10	1
nậng	10	0
nởi	10	0
phiêm	10	0
phóc	10	1
phảo	10	0
phậm	10	0
phằng	10	0
phặng	10	0
poọng	10	8
pèn	10	0
pấc	10	0
quảy	10	1
roóng	10	1
rươu	10	1
rướm	10	1
rại	10	0
rếu	10	1
soọc	10	1
sịnh	10	0
sựt	10	0
sựu	10	0
thâng	10	2
thạm	10	1
thều	10	0
truyệt	10	1
tèn	10	0
tịu	10	0
uấn	10	0
vóng	10	0
vý	10	0
xoái	10	0
xíp	10	0
xố	10	0
xốm	10	1
yều	10	0
òng	10	0
ùm	10	0
điểng	10	0
đoọc	10	0
đí	10	0
đườn	10	0
đặm	10	1
đứ	10	0
ũng	10	1
ết	10	0
ỗ	10	3
ờm	10	0
ủn	10	1
buốn	9	1
bãng	9	0
bệu	9	1
bợt	9	1
bữu	9	0
chiềm	9	0
choam	9	0
chuấn	9	0
châng	9	0
chươn	9	0
chẩy	9	0
chẻo	9	0
chọ	9	0
cuôi	9	0
cồi	9	1
doán	9	1
dắn	9	1
dẵn	9	0
dốp	9	0
dứ	9	1
ghị	9	0
giom	9	0
giâu	9	1
giút	9	0
giơi	9	2
giỡ	9	0
giửa	9	0
hoằn	9	0
huộc	9	0
hìn	9	2
hín	9	0
hảnh	9	1
hếp	9	0
hồm	9	0
hụ	9	0
hụp	9	0
khia	9	0
khé	9	1
khúy	9	0
khạ	9	0
khể	9	0
kẽn	9	0
kẽo	9	1
kễ	9	0
luồi	9	0
lóm	9	0
lõ	9	4
lảu	9	2
lủn	9	1
mâng	9	0
míp	9	0
múm	9	0
mước	9	1
mọp	9	1
nghiều	9	2
nghỉa	9	4
ngoán	9	0
ngòa	9	0
nhuyến	9	0
nhèo	9	0
nhõi	9	0
nhượn	9	0
nhựng	9	1
nuốm	9	0
nình	9	0
nót	9	0
nùi	9	1
nất	9	0
nỷ	9	0
phẩu	9	0
phỉa	9	0
phị	9	1
phốm	9	0
pèng	9	0
pêng	9	0
quim	9	0
qum	9	1
quày	9	0
qũy	9	0
riên	9	0
ràm	9	0
rẫm	9	0
rộm	9	1
sâng	9	0
sòi	9	0
sòn	9	0
sường	9	2
thểm	9	2
thểu	9	1
thỏng	9	0
thộng	9	1
toài	9	0
trìa	9	0
tría	9	0
trển	9	0
trệu	9	1
tãi	9	2
tún	9	0
tũn	9	0
tẻn	9	4
tện	9	1
tỉu	9	0
tờn	9	0
uốc	9	1
voòng	9	3
váp	9	2
vìn	9	0
vín	9	0
vản	9	1
vập	9	0
vẵn	9	0
xuổng	9	0
xấy	9	0
xịch	9	0
xợi	9	7
đoại	9	0
đuy	9	1
đãy	9	1
đượt	9	1
đẫu	9	2
đện	9	0
ũ	9	0
ưới	9	1
boóc	8	0
buộm	8	0
bìn	8	0
bảm	8	1
bẵm	8	1
bủ	8	2
bựng	8	0
chón	8	0
chại	8	0
chạt	8	0
chẫu	8	0
chệnh	8	0
cuất	8	0
cuồi	8	0
cóa	8	1
cưởi	8	1
doọc	8	0
dàm	8	0
dít	8	0
dón	8	1
dún	8	1
dặng	8	0
dễn	8	1
dừ	8	1
ghết	8	0
giánh	8	1
giân	8	1
giặn	8	3
găn	8	1
gẫn	8	0
gọc	8	0
gỏ	8	0
hoóng	8	0
hón	8	0
hược	8	0
hẳng	8	1
hủng	8	0
hứ	8	1
hứu	8	1
hữa	8	0
iếp	8	1
iết	8	0
khoẳng	8	1
khóng	8	0
khúa	8	0
khằng	8	1
khọc	8	1
khỏng	8	0
khở	8	0
kía	8	0
kẹc	8	0
kẻm	8	0
lêm	8	1
lóp	8	0
lúy	8	2
lũi	8	2
lỉ	8	1
lịn	8	1
lọa	8	0
lớt	8	1
lỷ	8	0
mêu	8	0
mược	8	0
mốp	8	0
nghẻo	8	0
ngom	8	0
ngoàn	8	0
nhiết	8	0
nhoong	8	0
nhoẹt	8	2
nhán	8	0
nhê	8	0
nhưa	8	0
nhẳng	8	0
nhẻm	8	1
nhệ	8	1
nhồm	8	1
nhổm	8	0
nhứng	8	0
nhửng	8	1
noản	8	0
nạch	8	0
nạnh	8	0
oong	8	3
phiển	8	1
phiểu	8	0
phuốc	8	3
phè	8	0
phìm	8	0
phắc	8	0
phọt	8	0
puộc	8	2
pầu	8	0
pặp	8	0
pốc	8	0
riều	8	0
riệng	8	0
riệt	8	0
rõi	8	0
rùi	8	0
rấn	8	0
rịp	8	2
rịt	8	3
soen	8	0
suyên	8	1
suyền	8	0
sèo	8	0
sõng	8	1
sồn	8	0
sựng	8	0
thiệng	8	0
thoắng	8	1
thàu	8	0
thùm	8	0
toem	8	0
trây	8	0
trèm	8	0
tróp	8	0
trưởn	8	0
trưỡng	8	0
trắp	8	0
trềnh	8	1
trỉa	8	0
têng	8	0
tạch	8	2
tọng	8	0
uyn	8	1
vâm	8	0
văm	8	0
vưa	8	0
vướt	8	0
vẹ	8	1
vọn	8	0
vồm	8	0
vộ	8	0
xoãi	8	0
xuyễn	8	0
xân	8	0
xún	8	0
xăn	8	0
xộp	8	1
xục	8	0
yếng	8	0
ím	8	0
ính	8	0
điết	8	0
đoi	8	0
đoát	8	1
đuôn	8	0
đóp	8	1
đõ	8	0
đưởng	8	0
đẹn	8	1
đị	8	0
địn	8	0
đỏm	8	0
đụt	8	0
ườn	8	0
ần	8	0
ậm	8	0
ịa	8	1
ỏng	8	0
ực	8	0
biêm	7	0
biễn	7	0
boen	7	0
bĩu	7	0
bẫng	7	0
chuôm	7	0
chuần	7	2
chúm	7	0
chý	7	0
chượng	7	0
chặm	7	0
chịa	7	0
chịnh	7	1
chộng	7	0
cổi	7	0
diêng	7	0
doang	7	3
duya	7	0
duê	7	1
duống	7	0
dín	7	1
dý	7	1
dướn	7	0
dắp	7	0
dặp	7	1
dếnh	7	0
dết	7	1
dệ	7	0
dỉ	7	0
dứu	7	0
dữa	7	0
ghia	7	0
ghếnh	7	0
giau	7	0
giõi	7	0
giại	7	1
goài	7	1
guông	7	0
gìm	7	0
gích	7	2
gòng	7	0
gặn	7	0
gỉa	7	0
gổm	7	0
gụi	7	0
gữi	7	1
hoảnh	7	0
huận	7	0
huỷnh	7	0
héng	7	0
hẹo	7	0
hệu	7	0
khiềm	7	0
khoắng	7	0
khoắt	7	0
khuống	7	2
khuỳnh	7	1
khèo	7	0
khính	7	0
khòe	7	0
khẻ	7	0
khốp	7	1
kèng	7	0
kịnh	7	0
liễng	7	0
loóng	7	0
loảng	7	0
loằng	7	0
luốn	7	1
lêng	7	0
lĩ	7	4
lơm	7	3
lẹn	7	0
lến	7	0
lềm	7	0
moòng	7	0
muộng	7	0
mêm	7	0
môm	7	0
mện	7	0
mờn	7	0
mợi	7	1
mừ	7	0
ngun	7	0
nhoàm	7	1
nhua	7	0
nhùi	7	1
nhúa	7	0
nhơm	7	2
nhấy	7	0
nhừng	7	2
niều	7	0
niểm	7	0
noóng	7	0
nuỵ	7	4
nì	7	2
nưi	7	0
nẵm	7	0
nỏng	7	0
nổng	7	0
nộng	7	1
nủa	7	2
nứ	7	1
nự	7	0
oao	7	0
phây	7	0
phẵng	7	0
phịch	7	0
piệng	7	0
poen	7	0
poá	7	0
poóc	7	0
puốc	7	0
pách	7	3
pế	7	0
pớt	7	0
quạp	7	0
quằng	7	0
quờ	7	0
qủa	7	0
riễu	7	0
ràn	7	0
rãy	7	0
rèo	7	0
rậu	7	0
rịnh	7	0
rột	7	0
rụa	7	0
rủng	7	0
sẫn	7	0
sể	7	0
sỉu	7	0
sớn	7	0
sụa	7	0
thuất	7	0
thãng	7	0
thón	7	0
tiểm	7	1
toẹt	7	0
triểm	7	0
troi	7	1
troóc	7	0
trã	7	0
trằm	7	0
trền	7	0
tuận	7	0
tòe	7	0
uynh	7	0
uê	7	0
vòn	7	0
vạnh	7	0
vẽn	7	0
vọi	7	0
xoải	7	2
xoảng	7	0
xuềnh	7	0
xuốn	7	0
xè	7	1
xùn	7	0
xướt	7	0
xỏm	7	0
xỏn	7	0
xốn	7	0
xữ	7	0
áu	7	0
đoác	7	1
đạy	7	0
đằn	7	0
đẻo	7	0
đệp	7	0
đủa	7	0
đững	7	0
ấng	7	1
ọe	7	0
boọc	6	0
buổn	6	1
bầng	6	0
bẫn	6	0
bẹc	6	0
bển	6	0
bỏn	6	1
bốm	6	0
bửng	6	2
chiệp	6	0
choè	6	0
chím	6	0
chẹm	6	0
chều	6	0
chự	6	0
chựng	6	0
cã	6	0
cướng	6	1
cặc	6	1
cới	6	1
diểm	6	0
doạt	6	0
duông	6	0
dét	6	1
dăn	6	0
dượi	6	0
dều	6	0
dớ	6	1
dợ	6	1
dỵ	6	0
ghiên	6	0
ghếch	6	1
ghệt	6	0
giẫy	6	0
giệt	6	1
gám	6	1
gòm	6	0
gải	6	0
hoáng	6	0
hoạnh	6	0
huất	6	0
hánh	6	0
hưa	6	0
hưỡng	6	0
hượt	6	0
hấy	6	1
hốn	6	0
hộn	6	0
iệt	6	1
khành	6	0
khào	6	0
kháy	6	0
khên	6	0
khìa	6	2
khòm	6	0
khún	6	0
khết	6	1
kiệp	6	1
kếm	6	0
kếu	6	0
kểm	6	0
liểu	6	0
loam	6	0
luấn	6	0
lậm	6	0
lệt	6	0
lệu	6	0
mưỡu	6	1
mủm	6	0
nganh	6	1
nghen	6	0
nghên	6	2
nghìa	6	0
nghính	6	0
nghễnh	6	0
ngoàm	6	1
nguyến	6	0
ngường	6	0
ngườu	6	0
ngượi	6	1
ngồ	6	1
ngỡi	6	0
nhoạng	6	0
nhy	6	0
nháng	6	0
nhôi	6	1
nhưu	6	0
nhẫy	6	1
nhệt	6	0
nhọm	6	0
nhớm	6	0
niếng	6	0
nuya	6	0
ním	6	0
nỉnh	6	0
nợi	6	1
nứng	6	1
oạt	6	0
phiết	6	0
phoe	6	0
phày	6	1
phính	6	0
phặt	6	1
phốp	6	0
phởn	6	0
phừng	6	0
pinh	6	1
poanh	6	0
poòng	6	1
poọc	6	1
páng	6	1
pót	6	0
pạt	6	0
pảy	6	0
pấu	6	0
pặt	6	3
pựt	6	1
quyễn	6	0
quào	6	0
quãn	6	0
quạu	6	0
quạy	6	0
quềnh	6	0
qụy	6	0
riếng	6	1
riền	6	0
riển	6	0
roỏng	6	0
ruông	6	0
rêm	6	0
rím	6	0
rùn	6	0
rếch	6	0
rề	6	0
rỉnh	6	0
rợm	6	0
rức	6	0
rứng	6	0
rừa	6	0
suôi	6	1
sèn	6	0
sén	6	0
síu	6	0
sận	6	1
sếch	6	0
sối	6	0
sốn	6	0
sộc	6	0
thuya	6	0
thượt	6	1
thạng	6	0
thợi	6	0
thứng	6	1
toen	6	0
truyết	6	0
trãng	6	0
trện	6	0
tòm	6	0
tảm	6	0
tỉm	6	0
tớn	6	0
tợp	6	0
tụa	6	1
uya	6	0
uyền	6	0
uôi	6	0
voong	6	0
vưới	6	0
vổ	6	0
vửa	6	0
xeng	6	1
xoát	6	0
xúng	6	1
xản	6	1
xỉnh	6	0
xịa	6	0
xủa	6	1
yêng	6	0
ày	6	0
úi	6	0
điềng	6	2
điệng	6	0
đoong	6	0
đoành	6	0
đoóc	6	1
đoảng	6	0
đết	6	0
đểm	6	1
đởi	6	1
đừa	6	1
ượt	6	0
ạc	6	0
ặng	6	2
ững	6	2
buôi	5	0
buống	5	1
bíu	5	0
búm	5	0
chiệc	5	0
choá	5	0
choóc	5	0
chuyễn	5	1
chuận	5	0
chuộn	5	0
chàn	5	0
chĩ	5	0
chũn	5	0
chầng	5	0
chậy	5	0
chắng	5	0
chễ	5	0
chịp	5	0
chốp	5	0
chỗi	5	0
chộc	5	0
chộn	5	0
cuỗi	5	0
cằng	5	0
cẳn	5	0
doàn	5	0
duyền	5	1
duồm	5	0
duồn	5	1
déo	5	3
dưỡi	5	1
dạnh	5	1
dịn	5	0
dỏi	5	0
dổ	5	1
ghiệp	5	0
ghèn	5	1
gioa	5	1
gioóc	5	0
giêm	5	1
gióa	5	0
giối	5	1
giựa	5	0
guồi	5	0
gách	5	0
gơn	5	3
gảnh	5	1
gồn	5	1
gữ	5	1
huốt	5	0
huỵch	5	0
háy	5	0
hĩm	5	0
hắm	5	0
hếu	5	0
hịnh	5	2
họn	5	0
hốp	5	0
hỡ	5	0
iểu	5	0
iệp	5	2
iệu	5	0
khuối	5	0
khuốt	5	0
khòng	5	0
khóp	5	0
khúp	5	0
khẩy	5	1
khậm	5	0
khếch	5	0
khề	5	0
khệ	5	1
khộng	5	0
khủ	5	2
khừ	5	0
kểu	5	0
loòng	5	0
lám	5	1
lậc	5	0
lẻng	5	0
lồn	5	2
lộp	5	1
lủy	5	0
moé	5	0
muốc	5	0
méng	5	0
mướng	5	0
mẫy	5	0
mồn	5	0
mộn	5	0
mỡi	5	0
mữa	5	0
nghiệu	5	0
nghẹo	5	0
ngoẵng	5	0
nguồng	5	0
ngá	5	0
ngăng	5	1
ngọi	5	1
ngỏng	5	1
ngốt	5	0
ngộc	5	0
ngợ	5	1
nhiến	5	0
nhéo	5	0
nhìm	5	0
nhín	5	2
nhướn	5	0
nhười	5	0
nhưởng	5	0
nhầu	5	0
nhịu	5	0
nhụng	5	0
nênh	5	0
nóp	5	0
nũa	5	0
nướt	5	0
nận	5	1
nềm	5	0
nển	5	0
nọa	5	0
nờ	5	1
nừa	5	1
nỳ	5	0
oàng	5	0
oách	5	0
oại	5	0
oặt	5	0
phãi	5	0
phén	5	3
phéo	5	0
phón	5	0
phôm	5	0
phầu	5	1
phẩng	5	0
phệt	5	0
phọng	5	0
phộc	5	2
phỡn	5	0
phứt	5	1
pào	5	0
pâu	5	1
pên	5	0
pậu	5	0
pắt	5	0
pỉ	5	1
pồng	5	0
pụt	5	3
quâm	5	0
quờn	5	1
roè	5	0
ruộc	5	0
rân	5	0
rược	5	0
rượng	5	0
rảng	5	0
rếp	5	1
rệ	5	0
rới	5	0
rụ	5	0
rụp	5	0
rự	5	0
rỵ	5	0
siếp	5	0
soai	5	0
suỵt	5	0
sõ	5	0
sùm	5	0
súm	5	0
sịch	5	0
sổi	5	0
sủy	5	1
thim	5	0
thoá	5	0
thuyệt	5	1
thuệ	5	2
thàm	5	0
thúa	5	0
thơn	5	2
thười	5	0
thạ	5	0
thệm	5	0
thọi	5	0
thộ	5	0
thủm	5	0
troa	5	1
tráu	5	0
trâng	5	0
trè	5	2
tróng	5	0
trùa	5	0
trạ	5	0
trặn	5	0
trỡ	5	0
trức	5	2
trứu	5	0
tuật	5	0
tùa	5	0
tượt	5	0
tạy	5	0
tền	5	0
tớp	5	3
tữa	5	0
uyết	5	0
voe	5	1
vám	5	0
vãy	5	0
vĩa	5	0
vũm	5	0
vơn	5	0
vướn	5	1
vậng	5	0
vỉnh	5	0
vống	5	0
vỗn	5	1
xiệc	5	0
xoăng	5	0
xuyện	5	0
xuật	5	0
xuốm	5	0
xênh	5	0
xấm	5	0
xắng	5	0
xộ	5	1
xừng	5	0
yễm	5	0
àu	5	0
èn	5	0
êu	5	0
điếp	5	0
đãm	5	0
đía	5	0
đún	5	1
đăn	5	0
đượi	5	0
đậc	5	0
đẹ	5	0
đở	5	0
đụm	5	0
đụp	5	0
đữ	5	2
đự	5	0
ẫm	5	1
ắn	5	0
ểm	5	0
ỉnh	5	1
ữa	5	1
biểm	4	0
buyu	4	0
buội	4	0
béng	4	0
bùy	4	0
bũa	4	0
bẫu	4	0
bắm	4	0
bặng	4	0
bểu	4	0
bỉa	4	0
bớm	4	1
bờn	4	0
bợp	4	0
chuệch	4	0
chóm	4	1
chõa	4	0
chưởn	4	0
chếm	4	0
chệc	4	3
chỏi	4	0
chổn	4	1
chỡ	4	1
chủi	4	0
cuê	4	0
cuộng	4	0
câng	4	0
cườn	4	0
cượm	4	0
cẫn	4	0
cỏng	4	0
cớt	4	0
cợ	4	1
cửng	4	1
duổi	4	0
duộng	4	0
dãng	4	0
dũn	4	0
dản	4	1
dảy	4	0
dẩu	4	1
dẵm	4	1
dện	4	0
dộp	4	0
dủa	4	0
gieng	4	0
gioong	4	0
gium	4	0
giù	4	0
giú	4	0
giảu	4	0
giếu	4	1
giởi	4	1
giứa	4	0
giử	4	0
goai	4	0
gìa	4	0
gúp	4	0
gơi	4	0
gại	4	1
gạnh	4	1
gằm	4	0
gặc	4	0
gộ	4	0
hiếng	4	0
hiễm	4	0
hoánh	4	1
hoèn	4	0
huôi	4	0
huôn	4	0
huơ	4	0
huầy	4	0
hén	4	0
hõ	4	0
hõa	4	0
hùy	4	0
hươn	4	0
hưỡn	4	1
hảy	4	0
hậy	4	1
iêm	4	0
iền	4	0
iệc	4	0
khoắc	4	0
khoắm	4	0
khuyễn	4	0
khuế	4	0
khuếnh	4	0
khục	4	0
khữu	4	0
kiễn	4	0
kêng	4	0
kìu	4	0
kím	4	0
kẹm	4	1
kẻn	4	0
kếnh	4	0
kệnh	4	0
liết	4	0
loọc	4	0
loọng	4	0
luyn	4	0
luê	4	0
lày	4	0
lướn	4	0
lướng	4	0
lẫu	4	0
lẵn	4	0
lụm	4	0
lứu	4	0
miềng	4	0
moọc	4	0
mĩnh	4	0
mượng	4	0
mượu	4	1
mằm	4	1
mặng	4	0
mỉnh	4	0
mứng	4	0
mựt	4	0
ngheo	4	0
nghiểm	4	0
nghềnh	4	1
nghệt	4	0
ngoẹo	4	0
nguýt	4	0
nguổn	4	0
nguỳ	4	0
ngúa	4	0
ngẫng	4	0
ngẫy	4	0
nhia	4	0
nhinh	4	1
nhiu	4	0
nhoét	4	0
nhoẻn	4	0
nhuôm	4	1
nhách	4	0
nhây	4	0
nhóp	4	0
nhõ	4	0
nhũi	4	0
nhảo	4	0
nhẳm	4	1
nhẵng	4	0
nhặm	4	0
nhẹp	4	0
nhẻ	4	0
nhộp	4	0
nhợn	4	0
nhữu	4	0
niễu	4	0
nuyễn	4	0
nõi	4	0
nù	4	0
nưới	4	0
nảm	4	0
nảo	4	0
nệp	4	0
nời	4	0
nủi	4	0
oay	4	0
oành	4	0
oặc	4	1
oọc	4	0
phiềng	4	2
phót	4	0
phưng	4	0
phươn	4	0
phạp	4	0
phắng	4	1
phếch	4	0
phếu	4	0
phứ	4	0
phứa	4	1
piêng	4	0
piền	4	1
poan	4	0
poé	4	0
pân	4	0
pạu	4	0
pất	4	0
pần	4	0
pằng	4	1
pỏ	4	0
pồi	4	2
pủ	4	1
pứ	4	0
quon	4	0
quênh	4	0
quền	4	0
quộc	4	1
qù	4	0
qúi	4	0
roọc	4	0
ruyền	4	1
ruyện	4	0
ruật	4	0
rèng	4	0
rúi	4	0
rản	4	0
rấm	4	0
rặp	4	0
rềnh	4	0
rọng	4	0
rội	4	0
rỡn	4	1
suốn	4	2
sày	4	0
sơm	4	0
sạu	4	0
sấc	4	0
sằm	4	0
sọi	4	0
sọng	4	0
sứng	4	0
thiếng	4	0
thèo	4	0
thòm	4	0
thúm	4	0
thằm	4	1
thến	4	0
thềnh	4	0
thồm	4	0
thồng	4	0
thộn	4	0
thớm	4	0
thữ	4	0
thỷ	4	0
trem	4	0
triu	4	0
triếu	4	1
troong	4	0
truỳ	4	0
trênh	4	0
trìm	4	0
tròi	4	0
trõ	4	0
trấm	4	0
trẩm	4	0
trậm	4	1
trậu	4	0
trẳng	4	0
trể	4	0
trỏng	4	0
trồn	4	0
trởi	4	1
trợi	4	0
tuẩn	4	0
tìu	4	0
tói	4	0
tõe	4	0
tướt	4	0
tưỡng	4	0
tẩng	4	0
tặn	4	0
tặt	4	0
tẻo	4	2
tểu	4	0
uyu	4	0
uyện	4	0
uýt	4	1
uần	4	0
uật	4	1
uối	4	0
uổi	4	0
vum	4	0
vẩm	4	0
vẫu	4	0
vẵng	4	1
vếu	4	1
vệnh	4	0
vữ	4	0
xiếu	4	0
xoà	4	0
xoóng	4	0
xoạn	4	0
xoắc	4	0
xoỏng	4	0
xuyển	4	0
xuốt	4	0
xuội	4	0
xày	4	1
xánh	4	1
xáy	4	1
xão	4	0
xìa	4	0
xòm	4	1
xặng	4	0
xẹc	4	0
xọc	4	4
xỏa	4	1
xồ	4	0
xồi	4	1
xớ	4	0
xớt	4	2
xờ	4	0
xởi	4	0
xựng	4	0
ùy	4	0
đoà	4	0
đạu	4	0
đẩm	4	0
đẩng	4	0
đềnh	4	0
đọn	4	0
ũa	4	0
ận	4	0
ặt	4	0
ẹm	4	0
ẻ	4	1
ếc	4	0
ếp	4	0
ễ	4	0
ồi	4	1
ớm	4	1
ớp	4	0
ởi	4	0
ỡm	4	0
ợi	4	0
ủm	4	0
ựa	4	0
biệc	3	1
biệng	3	0
biệp	3	0
boao	3	0
bâm	3	0
bêm	3	0
bóa	3	0
bướn	3	0
bưởng	3	0
bỏa	3	0
bủi	3	0
bỳ	3	0
chiễm	3	0
chiệm	3	0
chiệu	3	0
choan	3	0
choãn	3	0
choét	3	0
chuê	3	1
chuổi	3	0
chuội	3	0
chìn	3	0
chõe	3	0
chõi	3	0
chúy	3	0
chưởi	3	0
chộ	3	0
chựa	3	0
coỏng	3	1
cuyển	3	0
cuấn	3	0
cẫm	3	0
cắng	3	0
cặng	3	0
cỏm	3	1
diễng	3	0
doánh	3	0
doãng	3	1
doạnh	3	2
duỵ	3	0
dãu	3	0
dêm	3	0
dóp	3	0
dôm	3	0
dùn	3	0
dúp	3	0
dưởng	3	0
dắm	3	0
dỉnh	3	0
dỡn	3	0
dợi	3	0
dụn	3	0
dụt	3	0
ghin	3	0
giem	3	0
gioỏng	3	0
gião	3	0
giúi	3	0
giạm	3	1
giắng	3	0
giẳng	3	1
giộc	3	0
giức	3	0
goen	3	0
goát	3	1
goại	3	0
guya	3	0
guyên	3	0
guồn	3	0
gíp	3	0
gõi	3	0
gĩ	3	0
gư	3	2
gươi	3	0
gạy	3	0
gẩm	3	0
gận	3	1
gịa	3	0
gốp	3	0
gợp	3	0
gủn	3	0
gứi	3	1
hoã	3	0
hoải	3	1
hoặt	3	0
huây	3	0
huông	3	0
huối	3	0
hêm	3	0
hươi	3	0
hươm	3	0
hưởn	3	0
hượi	3	0
hượn	3	0
hấm	3	1
hầng	3	1
hẫu	3	0
hặp	3	0
hẻng	3	0
hẽ	3	0
hều	3	0
họt	3	0
hổm	3	0
hởn	3	0
hủm	3	0
iêng	3	0
iễn	3	1
khoãng	3	0
khuấn	3	0
khuẫn	3	0
khuật	3	0
khéc	3	0
khém	3	1
khíp	3	0
khót	3	0
khút	3	1
khạn	3	0
khạt	3	0
khấng	3	0
khấy	3	0
khật	3	0
khặng	3	1
khếnh	3	0
khủn	3	0
khức	3	1
khứng	3	0
khừu	3	0
kiễu	3	0
kíu	3	0
kĩnh	3	0
kện	3	0
liển	3	0
liệc	3	0
loàng	3	0
luyệt	3	0
luôm	3	0
luối	3	0
luồm	3	0
lấc	3	0
lầng	3	1
lẻm	3	0
lếp	3	1
lệng	3	0
lỏ	3	0
lỏa	3	0
lỗng	3	0
lờm	3	0
lứ	3	0
lứng	3	0
miển	3	0
miễm	3	0
miễng	3	0
moả	3	0
mìu	3	0
mĩa	3	0
mơm	3	0
mưi	3	0
mưởng	3	0
mậc	3	1
mẳm	3	0
mẳng	3	0
mẽo	3	2
mễn	3	1
mỏn	3	0
mụa	3	0
nghểnh	3	0
nghỉu	3	0
ngoao	3	0
ngoãi	3	0
ngánh	3	0
ngãu	3	0
ngóm	3	0
ngóp	3	0
ngơm	3	0
ngảm	3	0
ngảnh	3	0
ngắng	3	0
ngẳm	3	0
ngặm	3	1
ngở	3	0
ngửng	3	0
nhuyên	3	0
nhuyển	3	0
nhuồn	3	1
nhuộn	3	0
nhạng	3	0
nhải	3	0
nhẩu	3	0
nhậc	3	0
nhễ	3	0
nhốm	3	0
nhợm	3	0
nhữa	3	0
nhựu	3	0
niển	3	1
noan	3	0
nuyên	3	0
nuồi	3	1
nuội	3	0
néng	3	0
nìm	3	0
nõng	3	0
nùn	3	0
nĩ	3	0
nười	3	0
nẻng	3	0
nồ	3	0
nứi	3	0
nử	3	0
nựu	3	0
oăn	3	0
phiễu	3	0
phoong	3	0
phoóc	3	0
phâu	3	0
phín	3	0
phũm	3	0
phạch	3	2
phạng	3	2
phấu	3	0
phấy	3	0
phẳn	3	0
phể	3	0
phịa	3	0
phịt	3	0
phớn	3	0
piên	3	0
puôi	3	0
puốn	3	0
pâng	3	0
pêu	3	0
pính	3	0
pôm	3	0
pơn	3	0
pương	3	0
pặc	3	0
pặng	3	0
pẻng	3	1
pọc	3	0
pống	3	0
pợ	3	0
quinh	3	0
quya	3	0
quén	3	0
quých	3	0
quển	3	0
quịt	3	0
quốn	3	1
qùy	3	0
qú	3	0
riếp	3	0
roang	3	0
roen	3	0
roóc	3	0
ruệ	3	0
ruống	3	0
ruốt	3	1
ruội	3	0
ráu	3	0
rãng	3	1
rý	3	2
rười	3	1
rầng	3	0
rọm	3	0
rớp	3	0
rởi	3	0
rợi	3	0
siệu	3	0
soáng	3	0
soắn	3	1
suya	3	0
sàu	3	1
sích	3	0
sôm	3	0
sĩnh	3	0
sươn	3	0
sướn	3	0
sười	3	0
sặng	3	0
sế	3	0
sểnh	3	0
sọp	3	0
sỏa	3	0
sộng	3	0
sụy	3	2
sủm	3	0
sừa	3	0
thoài	3	0
thoàng	3	0
thoãi	3	0
thoạ	3	0
thoạn	3	0
thuyu	3	0
thuyện	3	0
thuậy	3	1
thùi	3	0
thẵm	3	1
thẹc	3	0
thễ	3	0
thệu	3	1
thồi	3	0
thụi	3	0
thựa	3	0
toá	3	0
toè	3	0
toóc	3	0
toạt	3	0
triềng	3	0
truệ	3	0
truổng	3	0
trêng	3	0
trìn	3	1
trĩn	3	0
trạp	3	0
trấy	3	0
trậng	3	0
trẳm	3	0
trặm	3	0
trẹ	3	0
trẹn	3	0
trẹt	3	0
trẻn	3	0
trỉnh	3	0
trộ	3	0
trớt	3	0
trờn	3	0
trụa	3	0
trỵ	3	1
tuyễn	3	1
téng	3	0
tĩn	3	0
tướp	3	0
tảu	3	0
tậy	3	1
tặp	3	1
tềnh	3	1
tểnh	3	0
tọi	3	0
tốm	3	0
tồm	3	0
tợi	3	1
tứng	3	1
tữu	3	1
uyến	3	0
uây	3	0
uôm	3	0
uýnh	3	0
uỵch	3	0
vàu	3	0
vúc	3	0
vườm	3	0
vẫm	3	0
vẹc	3	1
vẽo	3	0
vốt	3	1
vợn	3	2
vủng	3	0
vứng	3	2
xiếm	3	0
xiền	3	0
xoanh	3	1
xoày	3	0
xoẹt	3	3
xuyệt	3	0
xuỗng	3	0
xính	3	0
xúa	3	0
xũn	3	0
xạm	3	1
xạng	3	0
xải	3	0
xẹ	3	0
xến	3	0
xềnh	3	0
xệp	3	0
xệt	3	0
xọ	3	0
xọa	3	0
xời	3	0
yện	3	0
ênh	3	0
óa	3	0
óp	3	0
õng	3	0
đoãn	3	0
đy	3	0
đách	3	0
đão	3	0
đìn	3	0
đòm	3	0
đõi	3	0
đượn	3	0
đẳn	3	0
đẻm	3	1
đếng	3	0
đỏn	3	0
đổn	3	0
đụa	3	0
ưi	3	0
ạn	3	0
ạp	3	0
ẫn	3	0
ẽo	3	0
ện	3	0
ệnh	3	0
ỗi	3	0
ờn	3	0
ụt	3	1
ữ	3	0
ựu	3	0
biếp	2	0
biềng	2	0
boai	2	0
boát	2	0
boắt	2	0
buyn	2	0
buê	2	0
buồi	2	0
bóm	2	0
bũng	2	0
bưới	2	0
bảu	2	0
bẳm	2	2
bặn	2	0
bẻm	2	0
bẻn	2	0
bễn	2	0
bệng	2	0
bọp	2	0
bỏm	2	0
bợi	2	0
bợn	2	0
bủm	2	0
bừ	2	0
bựu	2	0
chiễn	2	0
choay	2	1
choàm	2	0
choác	2	0
choát	2	0
chuẫn	2	0
chuếnh	2	0
chuỗng	2	0
chách	2	0
chéc	2	0
chêng	2	0
chưu	2	0
chấc	2	0
chấng	2	0
chẹc	2	0
chềnh	2	0
chịch	2	0
chỏn	2	0
chớt	2	0
chời	2	0
chợn	2	0
chụng	2	0
chủn	2	0
coòng	2	0
cuya	2	0
cãm	2	0
cãnh	2	0
cãu	2	0
cướm	2	0
cưởng	2	0
cượng	2	0
cạng	2	0
cẩy	2	0
cẫu	2	0
cẵng	2	0
cặt	2	0
cỏo	2	1
cồm	2	0
cớp	2	0
cợp	2	0
cụn	2	0
doai	2	0
doam	2	0
doãi	2	0
duyn	2	0
duyết	2	0
duồi	2	0
duộc	2	1
dáp	2	0
dèn	2	1
dèo	2	0
dén	2	0
déng	2	0
dênh	2	0
dêu	2	0
dõn	2	0
dùa	2	0
dúc	2	0
dưởi	2	0
dẩm	2	0
dẩng	2	1
dếm	2	0
dỉa	2	0
dụy	2	0
dủm	2	0
dững	2	0
ghiệm	2	0
ghí	2	0
ghẹt	2	0
gioang	2	0
gioá	2	0
giuyn	2	1
giuống	2	0
giáu	2	0
giãnh	2	0
giè	2	0
giên	2	1
giêu	2	0
giòm	2	1
gióc	2	0
giúm	2	0
giảy	2	0
giất	2	0
giậy	2	0
giề	2	0
giểng	2	0
giểu	2	0
giễm	2	0
giệp	2	2
giọi	2	1
giốn	2	0
giụp	2	0
giủa	2	0
goay	2	0
goải	2	0
guyết	2	1
guê	2	0
guống	2	1
gáng	2	0
gáu	2	0
gãn	2	0
gít	2	1
góng	2	1
gùn	2	0
gúc	2	0
gúi	2	0
gúng	2	0
gĩa	2	0
gũ	2	0
gơm	2	0
gưa	2	0
gưởi	2	0
gịp	2	0
gỏa	2	0
gớt	2	0
gờn	2	0
gựa	2	0
hiễn	2	0
hiễu	2	0
hiệc	2	0
hoem	2	0
hoách	2	0
huẫn	2	0
huật	2	0
huốc	2	0
huốn	2	0
huỳ	2	0
huỵ	2	0
hèng	2	0
hún	2	0
hướn	2	0
hườm	2	0
hượp	2	0
hạu	2	0
hầy	2	2
hẩy	2	0
hặn	2	0
hẻn	2	0
hềnh	2	0
hểu	2	0
hễn	2	0
hệnh	2	0
hịp	2	0
họe	2	0
hỗm	2	0
hộng	2	0
hụm	2	0
hụy	2	0
hự	2	1
hựng	2	0
hỵ	2	0
iếc	2	2
iếm	2	0
iềm	2	0
iển	2	0
khiềng	2	0
khiều	2	0
khiểng	2	0
khiễn	2	0
khoà	2	0
khoại	2	0
khuyện	2	0
khuôi	2	0
khuộc	2	0
khày	2	1
khâng	2	0
khêm	2	0
khòi	2	0
khõi	2	1
khơn	2	0
khưng	2	0
khươi	2	0
khướng	2	0
khưỡng	2	0
khượng	2	0
khần	2	0
khẳn	2	1
khặm	2	0
khễnh	2	0
khỉm	2	0
khồ	2	0
khồm	2	0
khỗ	2	0
khớ	2	0
khợp	2	0
khụt	2	1
khủm	2	0
khừng	2	0
kiệng	2	0
kêm	2	0
kệu	2	0
kịa	2	0
loóc	2	1
loắt	2	0
luý	2	1
luých	2	1
luần	2	0
luốt	2	0
luổi	2	0
lãu	2	0
léng	2	0
lùy	2	2
lĩa	2	0
lũn	2	0
lưi	2	0
lưởi	2	0
lượi	2	0
lạu	2	0
lảy	2	0
lắn	2	0
lẳm	2	0
lẵm	2	0
lếc	2	0
lỉa	2	0
lỉm	2	1
lỉn	2	0
lịp	2	0
lọm	2	0
lớm	2	1
lỡn	2	0
miếm	2	0
miềm	2	0
miệc	2	0
moam	2	0
muyn	2	0
muấn	2	0
muột	2	0
máp	2	0
mêng	2	0
mìa	2	0
míu	2	0
mõn	2	0
mõng	2	0
mùm	2	0
múng	2	1
mũa	2	0
mườn	2	0
mưỡng	2	2
mạm	2	0
mạu	2	0
mấc	2	0
mẹc	2	0
mẹn	2	0
mếp	2	0
mể	2	0
mễnh	2	0
mốn	2	0
mổng	2	0
mỗm	2	0
nghin	2	0
nghiếp	2	0
nghiết	2	0
nghêm	2	0
nghìu	2	0
nghẽ	2	0
nghệnh	2	0
nghệu	2	0
nghỉn	2	0
ngoát	2	0
ngoạng	2	0
ngoẻo	2	0
nguống	2	0
nguờ	2	0
ngòng	2	0
ngúc	2	0
ngúm	2	1
ngún	2	0
ngũa	2	0
ngơn	2	0
ngưi	2	0
ngương	2	0
ngưỡi	2	0
ngạng	2	1
ngẩy	2	0
ngắp	2	0
ngẳng	2	0
ngẵn	2	0
ngẵng	2	0
ngặng	2	0
ngặp	2	0
ngống	2	0
ngồm	2	0
ngổi	2	0
ngộm	2	0
ngớm	2	0
ngớn	2	0
ngựu	2	0
nhuyện	2	0
nhuẫn	2	0
nhuối	2	0
nhêm	2	0
nhìa	2	0
nhòng	2	0
nhĩa	2	0
nhưi	2	0
nhước	2	0
nhạu	2	0
nhặc	2	0
nhế	2	0
nhếp	2	0
nhệm	2	0
nhỉm	2	0
nhịt	2	1
nhỏn	2	0
nhỏng	2	0
nhốc	2	0
nhốp	2	0
nhộc	2	0
nhứa	2	0
nhừa	2	1
nhỹ	2	0
niếm	2	0
noài	2	1
noè	2	0
noạ	2	0
nuốn	2	0
nuống	2	0
nuổi	2	0
nóm	2	0
nùa	2	0
nưu	2	0
nưỡng	2	0
nượng	2	0
nảng	2	0
nầu	2	0
nẫy	2	0
nẽ	2	0
nẽo	2	0
nế	2	0
nểu	2	0
nễn	2	0
nệnh	2	0
nỏa	2	0
nớm	2	0
nờm	2	0
nụi	2	0
oác	2	0
oé	2	0
oạch	2	0
oạn	2	0
oảnh	2	0
oắt	2	0
oẹ	2	1
phiếc	2	0
phoem	2	0
phoọc	2	0
phành	2	0
phâng	2	0
phíp	2	0
phòm	2	1
phùm	2	0
phúa	2	0
phượn	2	0
phẫm	2	0
phếp	2	0
phền	2	1
phọc	2	0
phồi	2	0
phộ	2	0
phựt	2	0
poỏng	2	0
puổng	2	0
puội	2	0
pàm	2	0
pãm	2	0
pèo	2	0
pìn	2	0
póo	2	0
pùa	2	0
pư	2	0
pưa	2	0
pượn	2	0
pạn	2	0
pạnh	2	0
pạp	2	0
pảo	2	0
pẩy	2	0
pậy	2	0
pắn	2	0
pẳn	2	0
pẳng	2	0
pẹt	2	0
pề	2	0
pỉn	2	0
pốn	2	0
pốp	2	0
pụ	2	0
pụa	2	2
pủn	2	2
pứt	2	0
qung	2	0
quâng	2	0
quó	2	1
quảnh	2	0
quọ	2	0
quớt	2	0
qùa	2	0
qún	2	0
riểu	2	0
ruya	2	0
ruất	2	0
ruế	2	0
réng	2	0
rêng	2	0
rĩnh	2	0
rũi	2	0
rườn	2	0
rượm	2	0
rượn	2	1
rấy	2	0
rẵng	2	0
rặm	2	0
rẹt	2	0
rẻng	2	0
rến	2	0
rệch	2	1
rồm	2	0
rờm	2	0
rứ	2	0
rừu	2	0
rửi	2	0
rỳ	2	0
siếu	2	0
siển	2	0
siểng	2	0
siểu	2	0
soang	2	0
soàm	2	0
soóng	2	2
soại	2	0
sèng	2	0
séng	2	0
sêng	2	0
sía	2	0
sóa	2	0
sóm	2	0
sóp	2	0
sưỡi	2	0
sấng	2	0
sẵm	2	0
sẹc	2	0
sẻo	2	0
sếnh	2	0
sềnh	2	0
sọn	2	0
sửi	2	0
sựa	2	0
thiếm	2	0
thoo	2	0
thuơ	2	0
thuể	2	0
thuống	2	0
thuổm	2	0
thuớ	2	0
thĩ	2	0
thươn	2	0
thướu	2	0
thạn	2	0
thạy	2	0
thấc	2	0
thặc	2	0
thẽ	2	1
thệt	2	1
thịu	2	0
thội	2	0
thột	2	0
thờm	2	0
thừi	2	0
thừu	2	0
thửng	2	0
toai	2	0
toén	2	0
toạch	2	0
toọc	2	0
troe	2	0
troo	2	0
trua	2	0
truôn	2	0
truốc	2	0
truội	2	2
truỷ	2	1
trãm	2	0
trãnh	2	0
tréc	2	0
trén	2	0
tròm	2	0
trón	2	1
trõng	2	0
trún	2	0
trưu	2	0
trườu	2	0
trẩn	2	1
trẫy	2	0
trắt	2	1
trễn	2	1
trịt	2	0
trồm	2	0
trộc	2	1
trụt	2	1
trủ	2	0
trỳ	2	0
tuềnh	2	0
tuốm	2	0
tuống	2	0
tãn	2	0
tão	2	0
tèng	2	0
téo	2	0
tĩ	2	1
tĩa	2	0
tườu	2	0
tẳm	2	0
tẻng	2	0
tọe	2	0
tỏn	2	0
tổm	2	0
tởn	2	0
tứa	2	0
từu	2	0
tữ	2	0
uận	2	0
uệch	2	0
uồm	2	0
viễng	2	0
việm	2	0
vuồng	2	0
vuộc	2	0
vão	2	0
vìa	2	0
víp	2	0
vúng	2	0
vưỡng	2	0
vạo	2	0
vảnh	2	0
vếng	2	0
vếp	2	0
vỏng	2	0
vớn	2	0
vớp	2	0
vụi	2	0
vủ	2	0
vứi	2	0
vỳ	2	0
xiến	2	0
xiếng	2	0
xiểu	2	0
xiệp	2	0
xoai	2	0
xoo	2	0
xoành	2	0
xoạch	2	0
xuya	2	0
xuỵt	2	0
xéng	2	0
xòn	2	0
xòo	2	0
xóng	2	0
xũng	2	0
xơm	2	0
xươn	2	0
xườn	2	0
xượt	2	0
xạch	2	0
xạt	2	0
xấn	2	0
xầy	2	0
xẫy	2	0
xậu	2	1
xẵng	2	0
xẽ	2	0
xẽo	2	0
xể	2	0
xịu	2	1
xồn	2	0
xồng	2	1
xội	2	2
xớn	2	0
xủi	2	0
xực	2	0
yệm	2	0
ãnh	2	0
èm	2	0
ìn	2	0
đim	2	0
đoanh	2	0
đoạng	2	0
đuyn	2	0
đuề	2	0
đuồi	2	0
đuộc	2	0
đèm	2	0
đéo	2	0
đép	2	0
đíu	2	0
đòa	2	0
đõng	2	0
đấc	2	0
đẳm	2	0
đặp	2	0
đếp	2	0
đệt	2	0
đữa	2	0
ươu	2	0
ưỡng	2	0
ượu	2	0
ạm	2	0
ẩy	2	0
ật	2	0
ằm	2	0
ằng	2	0
ẻng	2	0
ển	2	0
ệc	2	1
ịn	2	0
ịt	2	0
ọt	2	0
ỏn	2	0
ỗng	2	0
ợp	2	0
ụng	2	0
ứt	2	0
ỵ	2	0
